fold,feature_name,feature_position,repeat,importance,baseline_roc_auc,validation_sample_count,validation_malignant_count,validation_benign_count
1,mean radius,1,1,-0.0010319917440659854,0.9891640866873066,91,34,57
1,mean radius,1,2,0.002063983488132193,0.9891640866873066,91,34,57
1,mean radius,1,3,-0.007739938080495223,0.9891640866873066,91,34,57
1,mean radius,1,4,0.002063983488132193,0.9891640866873066,91,34,57
1,mean radius,1,5,-0.0041279669762641635,0.9891640866873066,91,34,57
1,mean radius,1,6,-0.005675954592363253,0.9891640866873066,91,34,57
1,mean radius,1,7,1.1102230246251565e-16,0.9891640866873066,91,34,57
1,mean radius,1,8,0.002063983488132193,0.9891640866873066,91,34,57
1,mean radius,1,9,0.002063983488132193,0.9891640866873066,91,34,57
1,mean radius,1,10,-0.0025799793601650745,0.9891640866873066,91,34,57
1,mean texture,2,1,0.002063983488132193,0.9891640866873066,91,34,57
1,mean texture,2,2,0.0010319917440662074,0.9891640866873066,91,34,57
1,mean texture,2,3,0.0015479876160992,0.9891640866873066,91,34,57
1,mean texture,2,4,0.0005159958720331037,0.9891640866873066,91,34,57
1,mean texture,2,5,-0.0025799793601650745,0.9891640866873066,91,34,57
1,mean texture,2,6,0.005159958720330371,0.9891640866873066,91,34,57
1,mean texture,2,7,0.003095975232198289,0.9891640866873066,91,34,57
1,mean texture,2,8,0.002063983488132193,0.9891640866873066,91,34,57
1,mean texture,2,9,0.0010319917440662074,0.9891640866873066,91,34,57
1,mean texture,2,10,0.001547987616099089,0.9891640866873066,91,34,57
1,mean perimeter,3,1,-0.0010319917440659854,0.9891640866873066,91,34,57
1,mean perimeter,3,2,0.001547987616099089,0.9891640866873066,91,34,57
1,mean perimeter,3,3,-0.006707946336429238,0.9891640866873066,91,34,57
1,mean perimeter,3,4,0.002063983488132193,0.9891640866873066,91,34,57
1,mean perimeter,3,5,-0.004643962848297156,0.9891640866873066,91,34,57
1,mean perimeter,3,6,-0.004643962848297156,0.9891640866873066,91,34,57
1,mean perimeter,3,7,1.1102230246251565e-16,0.9891640866873066,91,34,57
1,mean perimeter,3,8,0.0015479876160992,0.9891640866873066,91,34,57
1,mean perimeter,3,9,0.002063983488132193,0.9891640866873066,91,34,57
1,mean perimeter,3,10,-0.0020639834881319707,0.9891640866873066,91,34,57
1,mean area,4,1,-0.0005159958720329927,0.9891640866873066,91,34,57
1,mean area,4,2,0.003611971104231282,0.9891640866873066,91,34,57
1,mean area,4,3,-0.007739938080495223,0.9891640866873066,91,34,57
1,mean area,4,4,0.0010319917440660964,0.9891640866873066,91,34,57
1,mean area,4,5,-0.0041279669762640525,0.9891640866873066,91,34,57
1,mean area,4,6,-0.005675954592363253,0.9891640866873066,91,34,57
1,mean area,4,7,1.1102230246251565e-16,0.9891640866873066,91,34,57
1,mean area,4,8,0.002063983488132193,0.9891640866873066,91,34,57
1,mean area,4,9,0.0010319917440662074,0.9891640866873066,91,34,57
1,mean area,4,10,-0.001547987616098867,0.9891640866873066,91,34,57
1,mean smoothness,5,1,0.0005159958720331037,0.9891640866873066,91,34,57
1,mean smoothness,5,2,0.0005159958720331037,0.9891640866873066,91,34,57
1,mean smoothness,5,3,0.0005159958720331037,0.9891640866873066,91,34,57
1,mean smoothness,5,4,0.0005159958720331037,0.9891640866873066,91,34,57
1,mean smoothness,5,5,0.0005159958720331037,0.9891640866873066,91,34,57
1,mean smoothness,5,6,0.0015479876160992,0.9891640866873066,91,34,57
1,mean smoothness,5,7,1.1102230246251565e-16,0.9891640866873066,91,34,57
1,mean smoothness,5,8,0.0005159958720331037,0.9891640866873066,91,34,57
1,mean smoothness,5,9,0.0005159958720331037,0.9891640866873066,91,34,57
1,mean smoothness,5,10,0.0010319917440662074,0.9891640866873066,91,34,57
1,mean compactness,6,1,0.0010319917440662074,0.9891640866873066,91,34,57
1,mean compactness,6,2,0.0,0.9891640866873066,91,34,57
1,mean compactness,6,3,0.0015479876160992,0.9891640866873066,91,34,57
1,mean compactness,6,4,0.0,0.9891640866873066,91,34,57
1,mean compactness,6,5,0.0015479876160992,0.9891640866873066,91,34,57
1,mean compactness,6,6,0.0015479876160992,0.9891640866873066,91,34,57
1,mean compactness,6,7,0.0,0.9891640866873066,91,34,57
1,mean compactness,6,8,0.0010319917440662074,0.9891640866873066,91,34,57
1,mean compactness,6,9,0.0010319917440662074,0.9891640866873066,91,34,57
1,mean compactness,6,10,0.0010319917440662074,0.9891640866873066,91,34,57
1,mean concavity,7,1,1.1102230246251565e-16,0.9891640866873066,91,34,57
1,mean concavity,7,2,0.0010319917440662074,0.9891640866873066,91,34,57
1,mean concavity,7,3,-0.005675954592363142,0.9891640866873066,91,34,57
1,mean concavity,7,4,0.003095975232198178,0.9891640866873066,91,34,57
1,mean concavity,7,5,-0.00361197110423106,0.9891640866873066,91,34,57
1,mean concavity,7,6,-0.0010319917440659854,0.9891640866873066,91,34,57
1,mean concavity,7,7,0.0,0.9891640866873066,91,34,57
1,mean concavity,7,8,0.0005159958720331037,0.9891640866873066,91,34,57
1,mean concavity,7,9,0.002063983488132193,0.9891640866873066,91,34,57
1,mean concavity,7,10,-0.0005159958720328817,0.9891640866873066,91,34,57
1,mean concave points,8,1,1.1102230246251565e-16,0.9891640866873066,91,34,57
1,mean concave points,8,2,0.004643962848297267,0.9891640866873066,91,34,57
1,mean concave points,8,3,-0.006707946336429238,0.9891640866873066,91,34,57
1,mean concave points,8,4,0.005159958720330371,0.9891640866873066,91,34,57
1,mean concave points,8,5,-0.003095975232197956,0.9891640866873066,91,34,57
1,mean concave points,8,6,-0.003095975232198067,0.9891640866873066,91,34,57
1,mean concave points,8,7,0.003095975232198178,0.9891640866873066,91,34,57
1,mean concave points,8,8,0.001547987616099089,0.9891640866873066,91,34,57
1,mean concave points,8,9,0.0025799793601652965,0.9891640866873066,91,34,57
1,mean concave points,8,10,-0.0005159958720329927,0.9891640866873066,91,34,57
1,mean symmetry,9,1,-0.0010319917440658744,0.9891640866873066,91,34,57
1,mean symmetry,9,2,0.0010319917440662074,0.9891640866873066,91,34,57
1,mean symmetry,9,3,0.0005159958720331037,0.9891640866873066,91,34,57
1,mean symmetry,9,4,1.1102230246251565e-16,0.9891640866873066,91,34,57
1,mean symmetry,9,5,1.1102230246251565e-16,0.9891640866873066,91,34,57
1,mean symmetry,9,6,0.0010319917440662074,0.9891640866873066,91,34,57
1,mean symmetry,9,7,0.0005159958720331037,0.9891640866873066,91,34,57
1,mean symmetry,9,8,0.0005159958720331037,0.9891640866873066,91,34,57
1,mean symmetry,9,9,0.0005159958720331037,0.9891640866873066,91,34,57
1,mean symmetry,9,10,0.0005159958720331037,0.9891640866873066,91,34,57
1,mean fractal dimension,10,1,0.0010319917440662074,0.9891640866873066,91,34,57
1,mean fractal dimension,10,2,-0.0025799793601650745,0.9891640866873066,91,34,57
1,mean fractal dimension,10,3,-0.003095975232197956,0.9891640866873066,91,34,57
1,mean fractal dimension,10,4,-0.001547987616098978,0.9891640866873066,91,34,57
1,mean fractal dimension,10,5,-0.004643962848297156,0.9891640866873066,91,34,57
1,mean fractal dimension,10,6,-0.006191950464396245,0.9891640866873066,91,34,57
1,mean fractal dimension,10,7,-0.0010319917440658744,0.9891640866873066,91,34,57
1,mean fractal dimension,10,8,-0.0010319917440658744,0.9891640866873066,91,34,57
1,mean fractal dimension,10,9,-0.0005159958720329927,0.9891640866873066,91,34,57
1,mean fractal dimension,10,10,-0.003095975232198067,0.9891640866873066,91,34,57
1,radius error,11,1,0.007223942208462342,0.9891640866873066,91,34,57
1,radius error,11,2,0.004643962848297267,0.9891640866873066,91,34,57
1,radius error,11,3,0.0005159958720331037,0.9891640866873066,91,34,57
1,radius error,11,4,0.007739938080495445,0.9891640866873066,91,34,57
1,radius error,11,5,0.004643962848297267,0.9891640866873066,91,34,57
1,radius error,11,6,-0.001547987616098867,0.9891640866873066,91,34,57
1,radius error,11,7,0.009287925696594423,0.9891640866873066,91,34,57
1,radius error,11,8,0.001547987616099089,0.9891640866873066,91,34,57
1,radius error,11,9,0.00515995872033026,0.9891640866873066,91,34,57
1,radius error,11,10,0.00670794633642946,0.9891640866873066,91,34,57
1,texture error,12,1,0.0015479876160992,0.9891640866873066,91,34,57
1,texture error,12,2,0.0010319917440662074,0.9891640866873066,91,34,57
1,texture error,12,3,0.0015479876160992,0.9891640866873066,91,34,57
1,texture error,12,4,0.0010319917440662074,0.9891640866873066,91,34,57
1,texture error,12,5,0.002063983488132193,0.9891640866873066,91,34,57
1,texture error,12,6,0.0005159958720331037,0.9891640866873066,91,34,57
1,texture error,12,7,0.0010319917440662074,0.9891640866873066,91,34,57
1,texture error,12,8,0.0,0.9891640866873066,91,34,57
1,texture error,12,9,0.0010319917440662074,0.9891640866873066,91,34,57
1,texture error,12,10,0.0005159958720331037,0.9891640866873066,91,34,57
1,perimeter error,13,1,0.003095975232198178,0.9891640866873066,91,34,57
1,perimeter error,13,2,0.003611971104231282,0.9891640866873066,91,34,57
1,perimeter error,13,3,0.0010319917440662074,0.9891640866873066,91,34,57
1,perimeter error,13,4,0.006191950464396356,0.9891640866873066,91,34,57
1,perimeter error,13,5,0.0041279669762642746,0.9891640866873066,91,34,57
1,perimeter error,13,6,-0.0041279669762640525,0.9891640866873066,91,34,57
1,perimeter error,13,7,0.005159958720330371,0.9891640866873066,91,34,57
1,perimeter error,13,8,0.0005159958720331037,0.9891640866873066,91,34,57
1,perimeter error,13,9,0.004643962848297267,0.9891640866873066,91,34,57
1,perimeter error,13,10,0.003611971104231282,0.9891640866873066,91,34,57
1,area error,14,1,0.001547987616099089,0.9891640866873066,91,34,57
1,area error,14,2,0.0025799793601651855,0.9891640866873066,91,34,57
1,area error,14,3,-0.0025799793601650745,0.9891640866873066,91,34,57
1,area error,14,4,0.006191950464396356,0.9891640866873066,91,34,57
1,area error,14,5,0.0005159958720331037,0.9891640866873066,91,34,57
1,area error,14,6,-0.004643962848297156,0.9891640866873066,91,34,57
1,area error,14,7,0.0041279669762642746,0.9891640866873066,91,34,57
1,area error,14,8,0.0005159958720331037,0.9891640866873066,91,34,57
1,area error,14,9,0.003095975232198178,0.9891640866873066,91,34,57
1,area error,14,10,0.0025799793601652965,0.9891640866873066,91,34,57
1,smoothness error,15,1,0.0005159958720331037,0.9891640866873066,91,34,57
1,smoothness error,15,2,0.0010319917440662074,0.9891640866873066,91,34,57
1,smoothness error,15,3,0.0025799793601650745,0.9891640866873066,91,34,57
1,smoothness error,15,4,0.0010319917440662074,0.9891640866873066,91,34,57
1,smoothness error,15,5,0.0010319917440662074,0.9891640866873066,91,34,57
1,smoothness error,15,6,0.0010319917440662074,0.9891640866873066,91,34,57
1,smoothness error,15,7,0.0015479876160992,0.9891640866873066,91,34,57
1,smoothness error,15,8,0.0025799793601651855,0.9891640866873066,91,34,57
1,smoothness error,15,9,-0.0041279669762641635,0.9891640866873066,91,34,57
1,smoothness error,15,10,0.0025799793601651855,0.9891640866873066,91,34,57
1,compactness error,16,1,0.0010319917440662074,0.9891640866873066,91,34,57
1,compactness error,16,2,0.0005159958720331037,0.9891640866873066,91,34,57
1,compactness error,16,3,0.002063983488132193,0.9891640866873066,91,34,57
1,compactness error,16,4,1.1102230246251565e-16,0.9891640866873066,91,34,57
1,compactness error,16,5,0.0025799793601652965,0.9891640866873066,91,34,57
1,compactness error,16,6,0.0025799793601650745,0.9891640866873066,91,34,57
1,compactness error,16,7,0.003611971104231282,0.9891640866873066,91,34,57
1,compactness error,16,8,0.0010319917440662074,0.9891640866873066,91,34,57
1,compactness error,16,9,0.0005159958720331037,0.9891640866873066,91,34,57
1,compactness error,16,10,-0.0005159958720329927,0.9891640866873066,91,34,57
1,concavity error,17,1,0.0005159958720331037,0.9891640866873066,91,34,57
1,concavity error,17,2,0.0,0.9891640866873066,91,34,57
1,concavity error,17,3,1.1102230246251565e-16,0.9891640866873066,91,34,57
1,concavity error,17,4,0.0010319917440660964,0.9891640866873066,91,34,57
1,concavity error,17,5,1.1102230246251565e-16,0.9891640866873066,91,34,57
1,concavity error,17,6,0.0010319917440662074,0.9891640866873066,91,34,57
1,concavity error,17,7,-0.0005159958720328817,0.9891640866873066,91,34,57
1,concavity error,17,8,0.0,0.9891640866873066,91,34,57
1,concavity error,17,9,0.002063983488132193,0.9891640866873066,91,34,57
1,concavity error,17,10,0.001547987616099089,0.9891640866873066,91,34,57
1,concave points error,18,1,0.0005159958720331037,0.9891640866873066,91,34,57
1,concave points error,18,2,0.002063983488132193,0.9891640866873066,91,34,57
1,concave points error,18,3,0.0025799793601650745,0.9891640866873066,91,34,57
1,concave points error,18,4,0.0025799793601650745,0.9891640866873066,91,34,57
1,concave points error,18,5,0.001547987616099089,0.9891640866873066,91,34,57
1,concave points error,18,6,-0.005675954592363142,0.9891640866873066,91,34,57
1,concave points error,18,7,0.0015479876160992,0.9891640866873066,91,34,57
1,concave points error,18,8,0.0005159958720331037,0.9891640866873066,91,34,57
1,concave points error,18,9,0.003095975232198178,0.9891640866873066,91,34,57
1,concave points error,18,10,0.0015479876160992,0.9891640866873066,91,34,57
1,symmetry error,19,1,0.0005159958720331037,0.9891640866873066,91,34,57
1,symmetry error,19,2,0.0010319917440662074,0.9891640866873066,91,34,57
1,symmetry error,19,3,-0.0010319917440659854,0.9891640866873066,91,34,57
1,symmetry error,19,4,0.0010319917440662074,0.9891640866873066,91,34,57
1,symmetry error,19,5,-0.0005159958720329927,0.9891640866873066,91,34,57
1,symmetry error,19,6,0.001547987616099089,0.9891640866873066,91,34,57
1,symmetry error,19,7,-0.0010319917440659854,0.9891640866873066,91,34,57
1,symmetry error,19,8,0.0010319917440662074,0.9891640866873066,91,34,57
1,symmetry error,19,9,0.0010319917440662074,0.9891640866873066,91,34,57
1,symmetry error,19,10,0.0005159958720331037,0.9891640866873066,91,34,57
1,fractal dimension error,20,1,0.002063983488132193,0.9891640866873066,91,34,57
1,fractal dimension error,20,2,0.0010319917440660964,0.9891640866873066,91,34,57
1,fractal dimension error,20,3,0.0015479876160993111,0.9891640866873066,91,34,57
1,fractal dimension error,20,4,1.1102230246251565e-16,0.9891640866873066,91,34,57
1,fractal dimension error,20,5,0.001547987616099089,0.9891640866873066,91,34,57
1,fractal dimension error,20,6,-0.0010319917440658744,0.9891640866873066,91,34,57
1,fractal dimension error,20,7,0.0041279669762642746,0.9891640866873066,91,34,57
1,fractal dimension error,20,8,0.0015479876160993111,0.9891640866873066,91,34,57
1,fractal dimension error,20,9,0.0005159958720331037,0.9891640866873066,91,34,57
1,fractal dimension error,20,10,0.0005159958720331037,0.9891640866873066,91,34,57
1,worst radius,21,1,-0.0005159958720328817,0.9891640866873066,91,34,57
1,worst radius,21,2,0.004643962848297267,0.9891640866873066,91,34,57
1,worst radius,21,3,-0.006191950464396134,0.9891640866873066,91,34,57
1,worst radius,21,4,0.004127966976264386,0.9891640866873066,91,34,57
1,worst radius,21,5,-0.0041279669762641635,0.9891640866873066,91,34,57
1,worst radius,21,6,-0.005675954592363142,0.9891640866873066,91,34,57
1,worst radius,21,7,0.0025799793601651855,0.9891640866873066,91,34,57
1,worst radius,21,8,0.002063983488132193,0.9891640866873066,91,34,57
1,worst radius,21,9,0.003611971104231282,0.9891640866873066,91,34,57
1,worst radius,21,10,-0.0005159958720328817,0.9891640866873066,91,34,57
1,worst texture,22,1,0.006191950464396356,0.9891640866873066,91,34,57
1,worst texture,22,2,0.012899896800825594,0.9891640866873066,91,34,57
1,worst texture,22,3,0.009803921568627527,0.9891640866873066,91,34,57
1,worst texture,22,4,0.003611971104231171,0.9891640866873066,91,34,57
1,worst texture,22,5,0.0005159958720331037,0.9891640866873066,91,34,57
1,worst texture,22,6,0.010319917440660631,0.9891640866873066,91,34,57
1,worst texture,22,7,0.012899896800825705,0.9891640866873066,91,34,57
1,worst texture,22,8,0.004127966976264386,0.9891640866873066,91,34,57
1,worst texture,22,9,0.0041279669762642746,0.9891640866873066,91,34,57
1,worst texture,22,10,0.007223942208462342,0.9891640866873066,91,34,57
1,worst perimeter,23,1,-0.0005159958720328817,0.9891640866873066,91,34,57
1,worst perimeter,23,2,0.005159958720330371,0.9891640866873066,91,34,57
1,worst perimeter,23,3,-0.006191950464396245,0.9891640866873066,91,34,57
1,worst perimeter,23,4,0.004127966976264386,0.9891640866873066,91,34,57
1,worst perimeter,23,5,-0.0041279669762640525,0.9891640866873066,91,34,57
1,worst perimeter,23,6,-0.005159958720330149,0.9891640866873066,91,34,57
1,worst perimeter,23,7,0.002063983488132193,0.9891640866873066,91,34,57
1,worst perimeter,23,8,0.0015479876160992,0.9891640866873066,91,34,57
1,worst perimeter,23,9,0.0025799793601652965,0.9891640866873066,91,34,57
1,worst perimeter,23,10,-0.0010319917440659854,0.9891640866873066,91,34,57
1,worst area,24,1,0.0,0.9891640866873066,91,34,57
1,worst area,24,2,0.005159958720330371,0.9891640866873066,91,34,57
1,worst area,24,3,-0.00722394220846212,0.9891640866873066,91,34,57
1,worst area,24,4,0.004127966976264386,0.9891640866873066,91,34,57
1,worst area,24,5,-0.004643962848297156,0.9891640866873066,91,34,57
1,worst area,24,6,-0.005675954592363253,0.9891640866873066,91,34,57
1,worst area,24,7,0.001547987616099089,0.9891640866873066,91,34,57
1,worst area,24,8,0.0015479876160992,0.9891640866873066,91,34,57
1,worst area,24,9,0.002063983488132193,0.9891640866873066,91,34,57
1,worst area,24,10,-0.0010319917440659854,0.9891640866873066,91,34,57
1,worst smoothness,25,1,-0.0010319917440659854,0.9891640866873066,91,34,57
1,worst smoothness,25,2,0.0025799793601651855,0.9891640866873066,91,34,57
1,worst smoothness,25,3,1.1102230246251565e-16,0.9891640866873066,91,34,57
1,worst smoothness,25,4,0.002063983488132193,0.9891640866873066,91,34,57
1,worst smoothness,25,5,-0.003611971104231171,0.9891640866873066,91,34,57
1,worst smoothness,25,6,0.0010319917440660964,0.9891640866873066,91,34,57
1,worst smoothness,25,7,0.0010319917440662074,0.9891640866873066,91,34,57
1,worst smoothness,25,8,0.0015479876160992,0.9891640866873066,91,34,57
1,worst smoothness,25,9,0.0010319917440662074,0.9891640866873066,91,34,57
1,worst smoothness,25,10,-0.0005159958720329927,0.9891640866873066,91,34,57
1,worst compactness,26,1,0.0010319917440662074,0.9891640866873066,91,34,57
1,worst compactness,26,2,0.0,0.9891640866873066,91,34,57
1,worst compactness,26,3,0.002063983488132193,0.9891640866873066,91,34,57
1,worst compactness,26,4,0.0010319917440662074,0.9891640866873066,91,34,57
1,worst compactness,26,5,0.0015479876160992,0.9891640866873066,91,34,57
1,worst compactness,26,6,0.002063983488132193,0.9891640866873066,91,34,57
1,worst compactness,26,7,0.0010319917440662074,0.9891640866873066,91,34,57
1,worst compactness,26,8,0.0,0.9891640866873066,91,34,57
1,worst compactness,26,9,0.0015479876160992,0.9891640866873066,91,34,57
1,worst compactness,26,10,0.0015479876160992,0.9891640866873066,91,34,57
1,worst concavity,27,1,-0.0020639834881319707,0.9891640866873066,91,34,57
1,worst concavity,27,2,0.001547987616099089,0.9891640866873066,91,34,57
1,worst concavity,27,3,-0.00361197110423106,0.9891640866873066,91,34,57
1,worst concavity,27,4,0.0025799793601651855,0.9891640866873066,91,34,57
1,worst concavity,27,5,-0.003095975232197956,0.9891640866873066,91,34,57
1,worst concavity,27,6,1.1102230246251565e-16,0.9891640866873066,91,34,57
1,worst concavity,27,7,-0.0010319917440658744,0.9891640866873066,91,34,57
1,worst concavity,27,8,-0.0005159958720329927,0.9891640866873066,91,34,57
1,worst concavity,27,9,0.0041279669762641635,0.9891640866873066,91,34,57
1,worst concavity,27,10,0.0005159958720331037,0.9891640866873066,91,34,57
1,worst concave points,28,1,-0.0020639834881319707,0.9891640866873066,91,34,57
1,worst concave points,28,2,0.005159958720330371,0.9891640866873066,91,34,57
1,worst concave points,28,3,-0.00361197110423106,0.9891640866873066,91,34,57
1,worst concave points,28,4,0.007739938080495445,0.9891640866873066,91,34,57
1,worst concave points,28,5,-0.003095975232198067,0.9891640866873066,91,34,57
1,worst concave points,28,6,1.1102230246251565e-16,0.9891640866873066,91,34,57
1,worst concave points,28,7,0.002063983488132193,0.9891640866873066,91,34,57
1,worst concave points,28,8,0.001547987616099089,0.9891640866873066,91,34,57
1,worst concave points,28,9,0.0025799793601652965,0.9891640866873066,91,34,57
1,worst concave points,28,10,-0.0005159958720328817,0.9891640866873066,91,34,57
1,worst symmetry,29,1,-0.0041279669762641635,0.9891640866873066,91,34,57
1,worst symmetry,29,2,0.0015479876160992,0.9891640866873066,91,34,57
1,worst symmetry,29,3,-0.0005159958720328817,0.9891640866873066,91,34,57
1,worst symmetry,29,4,-0.0041279669762641635,0.9891640866873066,91,34,57
1,worst symmetry,29,5,-0.003095975232198178,0.9891640866873066,91,34,57
1,worst symmetry,29,6,0.0010319917440662074,0.9891640866873066,91,34,57
1,worst symmetry,29,7,1.1102230246251565e-16,0.9891640866873066,91,34,57
1,worst symmetry,29,8,-0.0005159958720329927,0.9891640866873066,91,34,57
1,worst symmetry,29,9,0.003611971104231282,0.9891640866873066,91,34,57
1,worst symmetry,29,10,-0.003095975232198067,0.9891640866873066,91,34,57
1,worst fractal dimension,30,1,0.0015479876160992,0.9891640866873066,91,34,57
1,worst fractal dimension,30,2,0.0010319917440662074,0.9891640866873066,91,34,57
1,worst fractal dimension,30,3,0.0015479876160992,0.9891640866873066,91,34,57
1,worst fractal dimension,30,4,0.0005159958720331037,0.9891640866873066,91,34,57
1,worst fractal dimension,30,5,0.0005159958720331037,0.9891640866873066,91,34,57
1,worst fractal dimension,30,6,-0.0005159958720328817,0.9891640866873066,91,34,57
1,worst fractal dimension,30,7,0.0015479876160992,0.9891640866873066,91,34,57
1,worst fractal dimension,30,8,0.0010319917440662074,0.9891640866873066,91,34,57
1,worst fractal dimension,30,9,0.0010319917440662074,0.9891640866873066,91,34,57
1,worst fractal dimension,30,10,0.0010319917440662074,0.9891640866873066,91,34,57
2,mean radius,1,1,0.0,0.9979360165118679,91,34,57
2,mean radius,1,2,0.0005159958720329927,0.9979360165118679,91,34,57
2,mean radius,1,3,-0.001547987616098978,0.9979360165118679,91,34,57
2,mean radius,1,4,0.003611971104231171,0.9979360165118679,91,34,57
2,mean radius,1,5,-0.0020639834881320818,0.9979360165118679,91,34,57
2,mean radius,1,6,-0.001547987616098978,0.9979360165118679,91,34,57
2,mean radius,1,7,0.001547987616098978,0.9979360165118679,91,34,57
2,mean radius,1,8,-0.0005159958720329927,0.9979360165118679,91,34,57
2,mean radius,1,9,0.0005159958720329927,0.9979360165118679,91,34,57
2,mean radius,1,10,0.0020639834881320818,0.9979360165118679,91,34,57
2,mean texture,2,1,0.0,0.9979360165118679,91,34,57
2,mean texture,2,2,0.0005159958720329927,0.9979360165118679,91,34,57
2,mean texture,2,3,0.0005159958720329927,0.9979360165118679,91,34,57
2,mean texture,2,4,0.0010319917440659854,0.9979360165118679,91,34,57
2,mean texture,2,5,0.0020639834881320818,0.9979360165118679,91,34,57
2,mean texture,2,6,0.0010319917440660964,0.9979360165118679,91,34,57
2,mean texture,2,7,0.0,0.9979360165118679,91,34,57
2,mean texture,2,8,0.001547987616099089,0.9979360165118679,91,34,57
2,mean texture,2,9,0.001547987616099089,0.9979360165118679,91,34,57
2,mean texture,2,10,0.001547987616099089,0.9979360165118679,91,34,57
2,mean perimeter,3,1,-0.0005159958720329927,0.9979360165118679,91,34,57
2,mean perimeter,3,2,0.0,0.9979360165118679,91,34,57
2,mean perimeter,3,3,-0.0010319917440659854,0.9979360165118679,91,34,57
2,mean perimeter,3,4,0.0025799793601651855,0.9979360165118679,91,34,57
2,mean perimeter,3,5,-0.0020639834881320818,0.9979360165118679,91,34,57
2,mean perimeter,3,6,-0.0010319917440659854,0.9979360165118679,91,34,57
2,mean perimeter,3,7,0.0005159958720329927,0.9979360165118679,91,34,57
2,mean perimeter,3,8,0.0,0.9979360165118679,91,34,57
2,mean perimeter,3,9,0.0005159958720329927,0.9979360165118679,91,34,57
2,mean perimeter,3,10,0.0020639834881320818,0.9979360165118679,91,34,57
2,mean area,4,1,-0.0005159958720329927,0.9979360165118679,91,34,57
2,mean area,4,2,0.0005159958720329927,0.9979360165118679,91,34,57
2,mean area,4,3,-0.0010319917440659854,0.9979360165118679,91,34,57
2,mean area,4,4,0.003611971104231171,0.9979360165118679,91,34,57
2,mean area,4,5,-0.001547987616098978,0.9979360165118679,91,34,57
2,mean area,4,6,-0.0010319917440659854,0.9979360165118679,91,34,57
2,mean area,4,7,0.0010319917440660964,0.9979360165118679,91,34,57
2,mean area,4,8,0.0005159958720329927,0.9979360165118679,91,34,57
2,mean area,4,9,0.0010319917440660964,0.9979360165118679,91,34,57
2,mean area,4,10,0.0020639834881320818,0.9979360165118679,91,34,57
2,mean smoothness,5,1,-0.0005159958720329927,0.9979360165118679,91,34,57
2,mean smoothness,5,2,-0.0005159958720329927,0.9979360165118679,91,34,57
2,mean smoothness,5,3,0.0010319917440660964,0.9979360165118679,91,34,57
2,mean smoothness,5,4,0.0,0.9979360165118679,91,34,57
2,mean smoothness,5,5,0.0010319917440660964,0.9979360165118679,91,34,57
2,mean smoothness,5,6,-0.0005159958720329927,0.9979360165118679,91,34,57
2,mean smoothness,5,7,-0.0005159958720329927,0.9979360165118679,91,34,57
2,mean smoothness,5,8,0.0005159958720329927,0.9979360165118679,91,34,57
2,mean smoothness,5,9,0.0,0.9979360165118679,91,34,57
2,mean smoothness,5,10,-0.0010319917440659854,0.9979360165118679,91,34,57
2,mean compactness,6,1,0.0,0.9979360165118679,91,34,57
2,mean compactness,6,2,0.0,0.9979360165118679,91,34,57
2,mean compactness,6,3,0.0,0.9979360165118679,91,34,57
2,mean compactness,6,4,0.0,0.9979360165118679,91,34,57
2,mean compactness,6,5,0.0,0.9979360165118679,91,34,57
2,mean compactness,6,6,0.0005159958720329927,0.9979360165118679,91,34,57
2,mean compactness,6,7,0.0,0.9979360165118679,91,34,57
2,mean compactness,6,8,0.0,0.9979360165118679,91,34,57
2,mean compactness,6,9,0.0,0.9979360165118679,91,34,57
2,mean compactness,6,10,0.0,0.9979360165118679,91,34,57
2,mean concavity,7,1,0.0,0.9979360165118679,91,34,57
2,mean concavity,7,2,0.0,0.9979360165118679,91,34,57
2,mean concavity,7,3,-0.0010319917440659854,0.9979360165118679,91,34,57
2,mean concavity,7,4,0.0005159958720329927,0.9979360165118679,91,34,57
2,mean concavity,7,5,0.0,0.9979360165118679,91,34,57
2,mean concavity,7,6,-0.0005159958720329927,0.9979360165118679,91,34,57
2,mean concavity,7,7,0.0005159958720329927,0.9979360165118679,91,34,57
2,mean concavity,7,8,0.0,0.9979360165118679,91,34,57
2,mean concavity,7,9,0.0,0.9979360165118679,91,34,57
2,mean concavity,7,10,0.0,0.9979360165118679,91,34,57
2,mean concave points,8,1,-0.0005159958720329927,0.9979360165118679,91,34,57
2,mean concave points,8,2,0.0,0.9979360165118679,91,34,57
2,mean concave points,8,3,-0.0005159958720329927,0.9979360165118679,91,34,57
2,mean concave points,8,4,0.0010319917440660964,0.9979360165118679,91,34,57
2,mean concave points,8,5,0.0,0.9979360165118679,91,34,57
2,mean concave points,8,6,-0.0005159958720329927,0.9979360165118679,91,34,57
2,mean concave points,8,7,0.0005159958720329927,0.9979360165118679,91,34,57
2,mean concave points,8,8,0.0,0.9979360165118679,91,34,57
2,mean concave points,8,9,0.0005159958720329927,0.9979360165118679,91,34,57
2,mean concave points,8,10,0.0010319917440660964,0.9979360165118679,91,34,57
2,mean symmetry,9,1,-0.0005159958720329927,0.9979360165118679,91,34,57
2,mean symmetry,9,2,-0.0010319917440659854,0.9979360165118679,91,34,57
2,mean symmetry,9,3,-0.001547987616098978,0.9979360165118679,91,34,57
2,mean symmetry,9,4,-0.0010319917440659854,0.9979360165118679,91,34,57
2,mean symmetry,9,5,-0.0005159958720329927,0.9979360165118679,91,34,57
2,mean symmetry,9,6,0.0,0.9979360165118679,91,34,57
2,mean symmetry,9,7,0.0,0.9979360165118679,91,34,57
2,mean symmetry,9,8,0.0005159958720329927,0.9979360165118679,91,34,57
2,mean symmetry,9,9,0.0,0.9979360165118679,91,34,57
2,mean symmetry,9,10,-0.0020639834881320818,0.9979360165118679,91,34,57
2,mean fractal dimension,10,1,0.0,0.9979360165118679,91,34,57
2,mean fractal dimension,10,2,0.0005159958720329927,0.9979360165118679,91,34,57
2,mean fractal dimension,10,3,-0.0010319917440659854,0.9979360165118679,91,34,57
2,mean fractal dimension,10,4,0.0010319917440660964,0.9979360165118679,91,34,57
2,mean fractal dimension,10,5,0.0,0.9979360165118679,91,34,57
2,mean fractal dimension,10,6,0.0005159958720329927,0.9979360165118679,91,34,57
2,mean fractal dimension,10,7,0.003095975232198067,0.9979360165118679,91,34,57
2,mean fractal dimension,10,8,0.0,0.9979360165118679,91,34,57
2,mean fractal dimension,10,9,0.0010319917440660964,0.9979360165118679,91,34,57
2,mean fractal dimension,10,10,0.0010319917440660964,0.9979360165118679,91,34,57
2,radius error,11,1,-0.0005159958720329927,0.9979360165118679,91,34,57
2,radius error,11,2,0.0005159958720329927,0.9979360165118679,91,34,57
2,radius error,11,3,-0.0005159958720331037,0.9979360165118679,91,34,57
2,radius error,11,4,0.003611971104231171,0.9979360165118679,91,34,57
2,radius error,11,5,0.0005159958720329927,0.9979360165118679,91,34,57
2,radius error,11,6,-0.0005159958720329927,0.9979360165118679,91,34,57
2,radius error,11,7,0.001547987616099089,0.9979360165118679,91,34,57
2,radius error,11,8,0.001547987616099089,0.9979360165118679,91,34,57
2,radius error,11,9,0.001547987616098978,0.9979360165118679,91,34,57
2,radius error,11,10,0.0020639834881320818,0.9979360165118679,91,34,57
2,texture error,12,1,0.0,0.9979360165118679,91,34,57
2,texture error,12,2,0.0,0.9979360165118679,91,34,57
2,texture error,12,3,0.0,0.9979360165118679,91,34,57
2,texture error,12,4,0.0,0.9979360165118679,91,34,57
2,texture error,12,5,-0.0005159958720329927,0.9979360165118679,91,34,57
2,texture error,12,6,0.0005159958720329927,0.9979360165118679,91,34,57
2,texture error,12,7,0.0,0.9979360165118679,91,34,57
2,texture error,12,8,0.0,0.9979360165118679,91,34,57
2,texture error,12,9,-0.0005159958720329927,0.9979360165118679,91,34,57
2,texture error,12,10,0.0,0.9979360165118679,91,34,57
2,perimeter error,13,1,-0.0005159958720329927,0.9979360165118679,91,34,57
2,perimeter error,13,2,0.0,0.9979360165118679,91,34,57
2,perimeter error,13,3,0.0,0.9979360165118679,91,34,57
2,perimeter error,13,4,0.0010319917440660964,0.9979360165118679,91,34,57
2,perimeter error,13,5,0.0,0.9979360165118679,91,34,57
2,perimeter error,13,6,-0.0005159958720329927,0.9979360165118679,91,34,57
2,perimeter error,13,7,0.0005159958720329927,0.9979360165118679,91,34,57
2,perimeter error,13,8,0.0,0.9979360165118679,91,34,57
2,perimeter error,13,9,0.0,0.9979360165118679,91,34,57
2,perimeter error,13,10,0.0,0.9979360165118679,91,34,57
2,area error,14,1,-0.0005159958720329927,0.9979360165118679,91,34,57
2,area error,14,2,-0.0005159958720329927,0.9979360165118679,91,34,57
2,area error,14,3,-0.0005159958720329927,0.9979360165118679,91,34,57
2,area error,14,4,0.001547987616099089,0.9979360165118679,91,34,57
2,area error,14,5,-0.0005159958720329927,0.9979360165118679,91,34,57
2,area error,14,6,-0.0005159958720329927,0.9979360165118679,91,34,57
2,area error,14,7,0.0005159958720329927,0.9979360165118679,91,34,57
2,area error,14,8,0.0005159958720329927,0.9979360165118679,91,34,57
2,area error,14,9,0.0005159958720329927,0.9979360165118679,91,34,57
2,area error,14,10,0.001547987616098978,0.9979360165118679,91,34,57
2,smoothness error,15,1,0.0005159958720329927,0.9979360165118679,91,34,57
2,smoothness error,15,2,0.0,0.9979360165118679,91,34,57
2,smoothness error,15,3,0.0005159958720329927,0.9979360165118679,91,34,57
2,smoothness error,15,4,0.0,0.9979360165118679,91,34,57
2,smoothness error,15,5,0.0005159958720329927,0.9979360165118679,91,34,57
2,smoothness error,15,6,0.0,0.9979360165118679,91,34,57
2,smoothness error,15,7,-0.0005159958720329927,0.9979360165118679,91,34,57
2,smoothness error,15,8,0.0,0.9979360165118679,91,34,57
2,smoothness error,15,9,0.0,0.9979360165118679,91,34,57
2,smoothness error,15,10,-0.0005159958720329927,0.9979360165118679,91,34,57
2,compactness error,16,1,-0.0005159958720329927,0.9979360165118679,91,34,57
2,compactness error,16,2,0.0,0.9979360165118679,91,34,57
2,compactness error,16,3,0.0,0.9979360165118679,91,34,57
2,compactness error,16,4,0.0005159958720329927,0.9979360165118679,91,34,57
2,compactness error,16,5,0.0,0.9979360165118679,91,34,57
2,compactness error,16,6,0.0,0.9979360165118679,91,34,57
2,compactness error,16,7,0.0,0.9979360165118679,91,34,57
2,compactness error,16,8,0.0,0.9979360165118679,91,34,57
2,compactness error,16,9,-0.0005159958720329927,0.9979360165118679,91,34,57
2,compactness error,16,10,0.0,0.9979360165118679,91,34,57
2,concavity error,17,1,0.0,0.9979360165118679,91,34,57
2,concavity error,17,2,0.0,0.9979360165118679,91,34,57
2,concavity error,17,3,0.0,0.9979360165118679,91,34,57
2,concavity error,17,4,0.0,0.9979360165118679,91,34,57
2,concavity error,17,5,0.0,0.9979360165118679,91,34,57
2,concavity error,17,6,1.1102230246251565e-16,0.9979360165118679,91,34,57
2,concavity error,17,7,0.0005159958720329927,0.9979360165118679,91,34,57
2,concavity error,17,8,1.1102230246251565e-16,0.9979360165118679,91,34,57
2,concavity error,17,9,0.0005159958720329927,0.9979360165118679,91,34,57
2,concavity error,17,10,0.0010319917440659854,0.9979360165118679,91,34,57
2,concave points error,18,1,0.0005159958720329927,0.9979360165118679,91,34,57
2,concave points error,18,2,0.0005159958720329927,0.9979360165118679,91,34,57
2,concave points error,18,3,0.0005159958720329927,0.9979360165118679,91,34,57
2,concave points error,18,4,0.0005159958720329927,0.9979360165118679,91,34,57
2,concave points error,18,5,0.0,0.9979360165118679,91,34,57
2,concave points error,18,6,0.0,0.9979360165118679,91,34,57
2,concave points error,18,7,0.0005159958720329927,0.9979360165118679,91,34,57
2,concave points error,18,8,0.0005159958720329927,0.9979360165118679,91,34,57
2,concave points error,18,9,0.0005159958720329927,0.9979360165118679,91,34,57
2,concave points error,18,10,0.0005159958720329927,0.9979360165118679,91,34,57
2,symmetry error,19,1,0.0,0.9979360165118679,91,34,57
2,symmetry error,19,2,0.0,0.9979360165118679,91,34,57
2,symmetry error,19,3,0.0,0.9979360165118679,91,34,57
2,symmetry error,19,4,0.0005159958720329927,0.9979360165118679,91,34,57
2,symmetry error,19,5,-0.0005159958720329927,0.9979360165118679,91,34,57
2,symmetry error,19,6,0.0,0.9979360165118679,91,34,57
2,symmetry error,19,7,0.0,0.9979360165118679,91,34,57
2,symmetry error,19,8,0.0,0.9979360165118679,91,34,57
2,symmetry error,19,9,0.0,0.9979360165118679,91,34,57
2,symmetry error,19,10,0.0,0.9979360165118679,91,34,57
2,fractal dimension error,20,1,-0.0005159958720329927,0.9979360165118679,91,34,57
2,fractal dimension error,20,2,0.0005159958720329927,0.9979360165118679,91,34,57
2,fractal dimension error,20,3,-0.0010319917440659854,0.9979360165118679,91,34,57
2,fractal dimension error,20,4,0.0,0.9979360165118679,91,34,57
2,fractal dimension error,20,5,0.0005159958720329927,0.9979360165118679,91,34,57
2,fractal dimension error,20,6,1.1102230246251565e-16,0.9979360165118679,91,34,57
2,fractal dimension error,20,7,1.1102230246251565e-16,0.9979360165118679,91,34,57
2,fractal dimension error,20,8,1.1102230246251565e-16,0.9979360165118679,91,34,57
2,fractal dimension error,20,9,-0.0005159958720329927,0.9979360165118679,91,34,57
2,fractal dimension error,20,10,-0.0005159958720329927,0.9979360165118679,91,34,57
2,worst radius,21,1,0.0,0.9979360165118679,91,34,57
2,worst radius,21,2,0.0,0.9979360165118679,91,34,57
2,worst radius,21,3,-0.0020639834881320818,0.9979360165118679,91,34,57
2,worst radius,21,4,0.006707946336429238,0.9979360165118679,91,34,57
2,worst radius,21,5,-0.001547987616098978,0.9979360165118679,91,34,57
2,worst radius,21,6,-0.0020639834881320818,0.9979360165118679,91,34,57
2,worst radius,21,7,0.003095975232198178,0.9979360165118679,91,34,57
2,worst radius,21,8,0.0005159958720329927,0.9979360165118679,91,34,57
2,worst radius,21,9,0.0,0.9979360165118679,91,34,57
2,worst radius,21,10,0.005159958720330149,0.9979360165118679,91,34,57
2,worst texture,22,1,-0.001547987616098978,0.9979360165118679,91,34,57
2,worst texture,22,2,0.0020639834881320818,0.9979360165118679,91,34,57
2,worst texture,22,3,-0.001547987616098978,0.9979360165118679,91,34,57
2,worst texture,22,4,0.0025799793601650745,0.9979360165118679,91,34,57
2,worst texture,22,5,0.003611971104231171,0.9979360165118679,91,34,57
2,worst texture,22,6,0.001547987616098978,0.9979360165118679,91,34,57
2,worst texture,22,7,-0.0005159958720329927,0.9979360165118679,91,34,57
2,worst texture,22,8,0.003095975232198178,0.9979360165118679,91,34,57
2,worst texture,22,9,0.0041279669762642746,0.9979360165118679,91,34,57
2,worst texture,22,10,0.0025799793601651855,0.9979360165118679,91,34,57
2,worst perimeter,23,1,0.0,0.9979360165118679,91,34,57
2,worst perimeter,23,2,-0.0005159958720329927,0.9979360165118679,91,34,57
2,worst perimeter,23,3,-0.0020639834881320818,0.9979360165118679,91,34,57
2,worst perimeter,23,4,0.00515995872033026,0.9979360165118679,91,34,57
2,worst perimeter,23,5,-0.0020639834881320818,0.9979360165118679,91,34,57
2,worst perimeter,23,6,-0.0020639834881320818,0.9979360165118679,91,34,57
2,worst perimeter,23,7,0.001547987616098978,0.9979360165118679,91,34,57
2,worst perimeter,23,8,0.0,0.9979360165118679,91,34,57
2,worst perimeter,23,9,0.0,0.9979360165118679,91,34,57
2,worst perimeter,23,10,0.004643962848297156,0.9979360165118679,91,34,57
2,worst area,24,1,0.0,0.9979360165118679,91,34,57
2,worst area,24,2,0.0,0.9979360165118679,91,34,57
2,worst area,24,3,-0.0020639834881320818,0.9979360165118679,91,34,57
2,worst area,24,4,0.005675954592363253,0.9979360165118679,91,34,57
2,worst area,24,5,-0.0020639834881320818,0.9979360165118679,91,34,57
2,worst area,24,6,-0.0020639834881320818,0.9979360165118679,91,34,57
2,worst area,24,7,0.0020639834881320818,0.9979360165118679,91,34,57
2,worst area,24,8,0.0,0.9979360165118679,91,34,57
2,worst area,24,9,0.0010319917440660964,0.9979360165118679,91,34,57
2,worst area,24,10,0.005675954592363253,0.9979360165118679,91,34,57
2,worst smoothness,25,1,0.0005159958720329927,0.9979360165118679,91,34,57
2,worst smoothness,25,2,-0.0010319917440659854,0.9979360165118679,91,34,57
2,worst smoothness,25,3,0.003611971104231282,0.9979360165118679,91,34,57
2,worst smoothness,25,4,0.003095975232198178,0.9979360165118679,91,34,57
2,worst smoothness,25,5,0.001547987616098978,0.9979360165118679,91,34,57
2,worst smoothness,25,6,0.0041279669762642746,0.9979360165118679,91,34,57
2,worst smoothness,25,7,0.001547987616099089,0.9979360165118679,91,34,57
2,worst smoothness,25,8,0.002063983488132193,0.9979360165118679,91,34,57
2,worst smoothness,25,9,0.0010319917440660964,0.9979360165118679,91,34,57
2,worst smoothness,25,10,0.0020639834881320818,0.9979360165118679,91,34,57
2,worst compactness,26,1,0.0,0.9979360165118679,91,34,57
2,worst compactness,26,2,-0.0005159958720329927,0.9979360165118679,91,34,57
2,worst compactness,26,3,-0.0010319917440659854,0.9979360165118679,91,34,57
2,worst compactness,26,4,-0.0005159958720329927,0.9979360165118679,91,34,57
2,worst compactness,26,5,-0.0005159958720329927,0.9979360165118679,91,34,57
2,worst compactness,26,6,-0.0005159958720329927,0.9979360165118679,91,34,57
2,worst compactness,26,7,-0.0005159958720329927,0.9979360165118679,91,34,57
2,worst compactness,26,8,-0.0005159958720329927,0.9979360165118679,91,34,57
2,worst compactness,26,9,-0.0005159958720329927,0.9979360165118679,91,34,57
2,worst compactness,26,10,0.0,0.9979360165118679,91,34,57
2,worst concavity,27,1,0.0005159958720331037,0.9979360165118679,91,34,57
2,worst concavity,27,2,-0.0010319917440659854,0.9979360165118679,91,34,57
2,worst concavity,27,3,-0.0020639834881320818,0.9979360165118679,91,34,57
2,worst concavity,27,4,0.0,0.9979360165118679,91,34,57
2,worst concavity,27,5,-0.001547987616098978,0.9979360165118679,91,34,57
2,worst concavity,27,6,-0.0005159958720329927,0.9979360165118679,91,34,57
2,worst concavity,27,7,0.0,0.9979360165118679,91,34,57
2,worst concavity,27,8,-0.0010319917440659854,0.9979360165118679,91,34,57
2,worst concavity,27,9,-0.0005159958720329927,0.9979360165118679,91,34,57
2,worst concavity,27,10,0.0,0.9979360165118679,91,34,57
2,worst concave points,28,1,0.0005159958720329927,0.9979360165118679,91,34,57
2,worst concave points,28,2,-0.001547987616098978,0.9979360165118679,91,34,57
2,worst concave points,28,3,-0.0020639834881320818,0.9979360165118679,91,34,57
2,worst concave points,28,4,0.0020639834881320818,0.9979360165118679,91,34,57
2,worst concave points,28,5,-0.001547987616098978,0.9979360165118679,91,34,57
2,worst concave points,28,6,-0.0010319917440659854,0.9979360165118679,91,34,57
2,worst concave points,28,7,-0.0005159958720329927,0.9979360165118679,91,34,57
2,worst concave points,28,8,-0.0010319917440659854,0.9979360165118679,91,34,57
2,worst concave points,28,9,-0.0005159958720329927,0.9979360165118679,91,34,57
2,worst concave points,28,10,0.001547987616099089,0.9979360165118679,91,34,57
2,worst symmetry,29,1,-0.0020639834881320818,0.9979360165118679,91,34,57
2,worst symmetry,29,2,-0.0020639834881320818,0.9979360165118679,91,34,57
2,worst symmetry,29,3,-0.0020639834881320818,0.9979360165118679,91,34,57
2,worst symmetry,29,4,-0.0020639834881320818,0.9979360165118679,91,34,57
2,worst symmetry,29,5,-0.0020639834881320818,0.9979360165118679,91,34,57
2,worst symmetry,29,6,-0.0020639834881320818,0.9979360165118679,91,34,57
2,worst symmetry,29,7,-0.0020639834881320818,0.9979360165118679,91,34,57
2,worst symmetry,29,8,-0.0020639834881320818,0.9979360165118679,91,34,57
2,worst symmetry,29,9,-0.001547987616098978,0.9979360165118679,91,34,57
2,worst symmetry,29,10,-0.0010319917440659854,0.9979360165118679,91,34,57
2,worst fractal dimension,30,1,0.0,0.9979360165118679,91,34,57
2,worst fractal dimension,30,2,-0.0005159958720329927,0.9979360165118679,91,34,57
2,worst fractal dimension,30,3,0.0,0.9979360165118679,91,34,57
2,worst fractal dimension,30,4,-0.0005159958720329927,0.9979360165118679,91,34,57
2,worst fractal dimension,30,5,-0.0005159958720329927,0.9979360165118679,91,34,57
2,worst fractal dimension,30,6,0.0,0.9979360165118679,91,34,57
2,worst fractal dimension,30,7,-0.0005159958720329927,0.9979360165118679,91,34,57
2,worst fractal dimension,30,8,0.0,0.9979360165118679,91,34,57
2,worst fractal dimension,30,9,-0.0005159958720329927,0.9979360165118679,91,34,57
2,worst fractal dimension,30,10,-0.0005159958720329927,0.9979360165118679,91,34,57
3,mean radius,1,1,0.004643962848297156,0.9974200206398348,91,34,57
3,mean radius,1,2,0.001547987616099089,0.9974200206398348,91,34,57
3,mean radius,1,3,0.0005159958720329927,0.9974200206398348,91,34,57
3,mean radius,1,4,0.003611971104231171,0.9974200206398348,91,34,57
3,mean radius,1,5,0.003095975232198067,0.9974200206398348,91,34,57
3,mean radius,1,6,0.0010319917440659854,0.9974200206398348,91,34,57
3,mean radius,1,7,0.00361197110423106,0.9974200206398348,91,34,57
3,mean radius,1,8,0.0025799793601650745,0.9974200206398348,91,34,57
3,mean radius,1,9,0.0010319917440659854,0.9974200206398348,91,34,57
3,mean radius,1,10,0.0025799793601650745,0.9974200206398348,91,34,57
3,mean texture,2,1,0.00361197110423106,0.9974200206398348,91,34,57
3,mean texture,2,2,0.004643962848297156,0.9974200206398348,91,34,57
3,mean texture,2,3,0.00361197110423106,0.9974200206398348,91,34,57
3,mean texture,2,4,0.007223942208462231,0.9974200206398348,91,34,57
3,mean texture,2,5,0.004643962848297156,0.9974200206398348,91,34,57
3,mean texture,2,6,0.0010319917440660964,0.9974200206398348,91,34,57
3,mean texture,2,7,0.0,0.9974200206398348,91,34,57
3,mean texture,2,8,0.0020639834881320818,0.9974200206398348,91,34,57
3,mean texture,2,9,0.00361197110423106,0.9974200206398348,91,34,57
3,mean texture,2,10,0.007223942208462231,0.9974200206398348,91,34,57
3,mean perimeter,3,1,0.003095975232198067,0.9974200206398348,91,34,57
3,mean perimeter,3,2,0.0010319917440659854,0.9974200206398348,91,34,57
3,mean perimeter,3,3,0.0010319917440658744,0.9974200206398348,91,34,57
3,mean perimeter,3,4,0.003611971104231171,0.9974200206398348,91,34,57
3,mean perimeter,3,5,0.0025799793601650745,0.9974200206398348,91,34,57
3,mean perimeter,3,6,0.0005159958720329927,0.9974200206398348,91,34,57
3,mean perimeter,3,7,0.003095975232198067,0.9974200206398348,91,34,57
3,mean perimeter,3,8,0.003095975232198067,0.9974200206398348,91,34,57
3,mean perimeter,3,9,0.0005159958720329927,0.9974200206398348,91,34,57
3,mean perimeter,3,10,0.0020639834881320818,0.9974200206398348,91,34,57
3,mean area,4,1,0.003095975232198067,0.9974200206398348,91,34,57
3,mean area,4,2,0.0010319917440659854,0.9974200206398348,91,34,57
3,mean area,4,3,0.001547987616098978,0.9974200206398348,91,34,57
3,mean area,4,4,0.003611971104231171,0.9974200206398348,91,34,57
3,mean area,4,5,0.003095975232198067,0.9974200206398348,91,34,57
3,mean area,4,6,0.0010319917440659854,0.9974200206398348,91,34,57
3,mean area,4,7,0.0041279669762640525,0.9974200206398348,91,34,57
3,mean area,4,8,0.0020639834881320818,0.9974200206398348,91,34,57
3,mean area,4,9,0.0005159958720329927,0.9974200206398348,91,34,57
3,mean area,4,10,0.0025799793601650745,0.9974200206398348,91,34,57
3,mean smoothness,5,1,0.0020639834881319707,0.9974200206398348,91,34,57
3,mean smoothness,5,2,0.0,0.9974200206398348,91,34,57
3,mean smoothness,5,3,0.0005159958720329927,0.9974200206398348,91,34,57
3,mean smoothness,5,4,0.0,0.9974200206398348,91,34,57
3,mean smoothness,5,5,0.0005159958720329927,0.9974200206398348,91,34,57
3,mean smoothness,5,6,0.0010319917440659854,0.9974200206398348,91,34,57
3,mean smoothness,5,7,0.0005159958720329927,0.9974200206398348,91,34,57
3,mean smoothness,5,8,0.0020639834881320818,0.9974200206398348,91,34,57
3,mean smoothness,5,9,0.0005159958720329927,0.9974200206398348,91,34,57
3,mean smoothness,5,10,0.0025799793601649634,0.9974200206398348,91,34,57
3,mean compactness,6,1,0.0005159958720329927,0.9974200206398348,91,34,57
3,mean compactness,6,2,0.0,0.9974200206398348,91,34,57
3,mean compactness,6,3,0.0010319917440659854,0.9974200206398348,91,34,57
3,mean compactness,6,4,0.0005159958720329927,0.9974200206398348,91,34,57
3,mean compactness,6,5,0.0,0.9974200206398348,91,34,57
3,mean compactness,6,6,0.0,0.9974200206398348,91,34,57
3,mean compactness,6,7,-0.0005159958720331037,0.9974200206398348,91,34,57
3,mean compactness,6,8,0.0,0.9974200206398348,91,34,57
3,mean compactness,6,9,0.0005159958720329927,0.9974200206398348,91,34,57
3,mean compactness,6,10,0.0,0.9974200206398348,91,34,57
3,mean concavity,7,1,0.0025799793601649634,0.9974200206398348,91,34,57
3,mean concavity,7,2,0.0005159958720329927,0.9974200206398348,91,34,57
3,mean concavity,7,3,0.0020639834881319707,0.9974200206398348,91,34,57
3,mean concavity,7,4,0.0005159958720329927,0.9974200206398348,91,34,57
3,mean concavity,7,5,0.0,0.9974200206398348,91,34,57
3,mean concavity,7,6,0.001547987616098978,0.9974200206398348,91,34,57
3,mean concavity,7,7,0.001547987616098978,0.9974200206398348,91,34,57
3,mean concavity,7,8,0.0025799793601650745,0.9974200206398348,91,34,57
3,mean concavity,7,9,0.0010319917440658744,0.9974200206398348,91,34,57
3,mean concavity,7,10,0.001547987616098978,0.9974200206398348,91,34,57
3,mean concave points,8,1,0.003611971104231171,0.9974200206398348,91,34,57
3,mean concave points,8,2,0.0010319917440659854,0.9974200206398348,91,34,57
3,mean concave points,8,3,0.0020639834881320818,0.9974200206398348,91,34,57
3,mean concave points,8,4,0.0020639834881320818,0.9974200206398348,91,34,57
3,mean concave points,8,5,0.0005159958720329927,0.9974200206398348,91,34,57
3,mean concave points,8,6,0.001547987616098978,0.9974200206398348,91,34,57
3,mean concave points,8,7,0.003095975232198067,0.9974200206398348,91,34,57
3,mean concave points,8,8,0.0025799793601649634,0.9974200206398348,91,34,57
3,mean concave points,8,9,-0.0010319917440662074,0.9974200206398348,91,34,57
3,mean concave points,8,10,0.0010319917440658744,0.9974200206398348,91,34,57
3,mean symmetry,9,1,0.0020639834881319707,0.9974200206398348,91,34,57
3,mean symmetry,9,2,0.0010319917440659854,0.9974200206398348,91,34,57
3,mean symmetry,9,3,0.001547987616098978,0.9974200206398348,91,34,57
3,mean symmetry,9,4,0.0005159958720329927,0.9974200206398348,91,34,57
3,mean symmetry,9,5,0.0005159958720329927,0.9974200206398348,91,34,57
3,mean symmetry,9,6,0.0005159958720329927,0.9974200206398348,91,34,57
3,mean symmetry,9,7,-0.0005159958720331037,0.9974200206398348,91,34,57
3,mean symmetry,9,8,0.001547987616098978,0.9974200206398348,91,34,57
3,mean symmetry,9,9,0.0010319917440659854,0.9974200206398348,91,34,57
3,mean symmetry,9,10,0.0005159958720329927,0.9974200206398348,91,34,57
3,mean fractal dimension,10,1,0.0005159958720329927,0.9974200206398348,91,34,57
3,mean fractal dimension,10,2,0.0005159958720329927,0.9974200206398348,91,34,57
3,mean fractal dimension,10,3,0.0010319917440660964,0.9974200206398348,91,34,57
3,mean fractal dimension,10,4,0.0010319917440660964,0.9974200206398348,91,34,57
3,mean fractal dimension,10,5,0.0005159958720329927,0.9974200206398348,91,34,57
3,mean fractal dimension,10,6,0.0010319917440659854,0.9974200206398348,91,34,57
3,mean fractal dimension,10,7,0.0005159958720329927,0.9974200206398348,91,34,57
3,mean fractal dimension,10,8,0.0005159958720329927,0.9974200206398348,91,34,57
3,mean fractal dimension,10,9,0.0,0.9974200206398348,91,34,57
3,mean fractal dimension,10,10,0.001547987616098978,0.9974200206398348,91,34,57
3,radius error,11,1,0.001547987616098978,0.9974200206398348,91,34,57
3,radius error,11,2,0.001547987616098978,0.9974200206398348,91,34,57
3,radius error,11,3,0.001547987616098978,0.9974200206398348,91,34,57
3,radius error,11,4,0.003611971104231171,0.9974200206398348,91,34,57
3,radius error,11,5,0.001547987616098978,0.9974200206398348,91,34,57
3,radius error,11,6,0.001547987616099089,0.9974200206398348,91,34,57
3,radius error,11,7,0.00361197110423106,0.9974200206398348,91,34,57
3,radius error,11,8,0.0010319917440659854,0.9974200206398348,91,34,57
3,radius error,11,9,0.0,0.9974200206398348,91,34,57
3,radius error,11,10,0.0020639834881319707,0.9974200206398348,91,34,57
3,texture error,12,1,0.0005159958720329927,0.9974200206398348,91,34,57
3,texture error,12,2,-0.0005159958720331037,0.9974200206398348,91,34,57
3,texture error,12,3,0.0005159958720329927,0.9974200206398348,91,34,57
3,texture error,12,4,0.0010319917440659854,0.9974200206398348,91,34,57
3,texture error,12,5,0.0005159958720329927,0.9974200206398348,91,34,57
3,texture error,12,6,0.0,0.9974200206398348,91,34,57
3,texture error,12,7,0.0005159958720329927,0.9974200206398348,91,34,57
3,texture error,12,8,0.0,0.9974200206398348,91,34,57
3,texture error,12,9,0.0005159958720329927,0.9974200206398348,91,34,57
3,texture error,12,10,0.0010319917440658744,0.9974200206398348,91,34,57
3,perimeter error,13,1,0.001547987616098978,0.9974200206398348,91,34,57
3,perimeter error,13,2,-0.0005159958720331037,0.9974200206398348,91,34,57
3,perimeter error,13,3,0.0010319917440658744,0.9974200206398348,91,34,57
3,perimeter error,13,4,0.0025799793601650745,0.9974200206398348,91,34,57
3,perimeter error,13,5,0.0,0.9974200206398348,91,34,57
3,perimeter error,13,6,-1.1102230246251565e-16,0.9974200206398348,91,34,57
3,perimeter error,13,7,0.0025799793601650745,0.9974200206398348,91,34,57
3,perimeter error,13,8,0.0005159958720329927,0.9974200206398348,91,34,57
3,perimeter error,13,9,0.0005159958720329927,0.9974200206398348,91,34,57
3,perimeter error,13,10,0.0005159958720329927,0.9974200206398348,91,34,57
3,area error,14,1,0.0020639834881319707,0.9974200206398348,91,34,57
3,area error,14,2,0.001547987616099089,0.9974200206398348,91,34,57
3,area error,14,3,0.0010319917440658744,0.9974200206398348,91,34,57
3,area error,14,4,0.003611971104231171,0.9974200206398348,91,34,57
3,area error,14,5,0.001547987616098978,0.9974200206398348,91,34,57
3,area error,14,6,0.0010319917440659854,0.9974200206398348,91,34,57
3,area error,14,7,0.00361197110423106,0.9974200206398348,91,34,57
3,area error,14,8,0.0020639834881319707,0.9974200206398348,91,34,57
3,area error,14,9,0.0005159958720329927,0.9974200206398348,91,34,57
3,area error,14,10,0.0025799793601650745,0.9974200206398348,91,34,57
3,smoothness error,15,1,0.0010319917440659854,0.9974200206398348,91,34,57
3,smoothness error,15,2,0.0025799793601650745,0.9974200206398348,91,34,57
3,smoothness error,15,3,0.0005159958720329927,0.9974200206398348,91,34,57
3,smoothness error,15,4,0.0010319917440658744,0.9974200206398348,91,34,57
3,smoothness error,15,5,0.0010319917440659854,0.9974200206398348,91,34,57
3,smoothness error,15,6,0.001547987616098978,0.9974200206398348,91,34,57
3,smoothness error,15,7,0.0025799793601649634,0.9974200206398348,91,34,57
3,smoothness error,15,8,0.0020639834881320818,0.9974200206398348,91,34,57
3,smoothness error,15,9,0.001547987616098978,0.9974200206398348,91,34,57
3,smoothness error,15,10,0.001547987616098978,0.9974200206398348,91,34,57
3,compactness error,16,1,0.0020639834881320818,0.9974200206398348,91,34,57
3,compactness error,16,2,0.001547987616098978,0.9974200206398348,91,34,57
3,compactness error,16,3,0.0005159958720329927,0.9974200206398348,91,34,57
3,compactness error,16,4,0.00361197110423106,0.9974200206398348,91,34,57
3,compactness error,16,5,0.0025799793601650745,0.9974200206398348,91,34,57
3,compactness error,16,6,0.0025799793601650745,0.9974200206398348,91,34,57
3,compactness error,16,7,0.0010319917440659854,0.9974200206398348,91,34,57
3,compactness error,16,8,0.003095975232198067,0.9974200206398348,91,34,57
3,compactness error,16,9,0.0025799793601650745,0.9974200206398348,91,34,57
3,compactness error,16,10,0.0025799793601650745,0.9974200206398348,91,34,57
3,concavity error,17,1,0.0010319917440659854,0.9974200206398348,91,34,57
3,concavity error,17,2,0.0005159958720329927,0.9974200206398348,91,34,57
3,concavity error,17,3,0.0,0.9974200206398348,91,34,57
3,concavity error,17,4,0.0,0.9974200206398348,91,34,57
3,concavity error,17,5,0.0005159958720329927,0.9974200206398348,91,34,57
3,concavity error,17,6,0.0,0.9974200206398348,91,34,57
3,concavity error,17,7,0.0005159958720329927,0.9974200206398348,91,34,57
3,concavity error,17,8,0.0,0.9974200206398348,91,34,57
3,concavity error,17,9,0.0,0.9974200206398348,91,34,57
3,concavity error,17,10,0.0,0.9974200206398348,91,34,57
3,concave points error,18,1,0.0010319917440660964,0.9974200206398348,91,34,57
3,concave points error,18,2,0.0010319917440659854,0.9974200206398348,91,34,57
3,concave points error,18,3,0.0,0.9974200206398348,91,34,57
3,concave points error,18,4,0.0005159958720329927,0.9974200206398348,91,34,57
3,concave points error,18,5,0.001547987616098978,0.9974200206398348,91,34,57
3,concave points error,18,6,0.0005159958720329927,0.9974200206398348,91,34,57
3,concave points error,18,7,0.0025799793601650745,0.9974200206398348,91,34,57
3,concave points error,18,8,0.0005159958720329927,0.9974200206398348,91,34,57
3,concave points error,18,9,0.0010319917440658744,0.9974200206398348,91,34,57
3,concave points error,18,10,-0.0005159958720331037,0.9974200206398348,91,34,57
3,symmetry error,19,1,0.0010319917440658744,0.9974200206398348,91,34,57
3,symmetry error,19,2,0.0010319917440658744,0.9974200206398348,91,34,57
3,symmetry error,19,3,0.0005159958720329927,0.9974200206398348,91,34,57
3,symmetry error,19,4,0.0010319917440660964,0.9974200206398348,91,34,57
3,symmetry error,19,5,0.0010319917440658744,0.9974200206398348,91,34,57
3,symmetry error,19,6,0.0,0.9974200206398348,91,34,57
3,symmetry error,19,7,-0.0005159958720331037,0.9974200206398348,91,34,57
3,symmetry error,19,8,0.0005159958720329927,0.9974200206398348,91,34,57
3,symmetry error,19,9,-0.0005159958720331037,0.9974200206398348,91,34,57
3,symmetry error,19,10,0.0010319917440658744,0.9974200206398348,91,34,57
3,fractal dimension error,20,1,0.0020639834881319707,0.9974200206398348,91,34,57
3,fractal dimension error,20,2,0.001547987616098978,0.9974200206398348,91,34,57
3,fractal dimension error,20,3,0.0010319917440659854,0.9974200206398348,91,34,57
3,fractal dimension error,20,4,0.0025799793601650745,0.9974200206398348,91,34,57
3,fractal dimension error,20,5,0.0025799793601649634,0.9974200206398348,91,34,57
3,fractal dimension error,20,6,0.0025799793601649634,0.9974200206398348,91,34,57
3,fractal dimension error,20,7,0.0041279669762640525,0.9974200206398348,91,34,57
3,fractal dimension error,20,8,0.0020639834881319707,0.9974200206398348,91,34,57
3,fractal dimension error,20,9,0.001547987616099089,0.9974200206398348,91,34,57
3,fractal dimension error,20,10,0.003095975232198067,0.9974200206398348,91,34,57
3,worst radius,21,1,0.00361197110423106,0.9974200206398348,91,34,57
3,worst radius,21,2,0.003095975232198067,0.9974200206398348,91,34,57
3,worst radius,21,3,0.0020639834881320818,0.9974200206398348,91,34,57
3,worst radius,21,4,0.004643962848297156,0.9974200206398348,91,34,57
3,worst radius,21,5,0.0041279669762640525,0.9974200206398348,91,34,57
3,worst radius,21,6,0.001547987616098978,0.9974200206398348,91,34,57
3,worst radius,21,7,0.00515995872033026,0.9974200206398348,91,34,57
3,worst radius,21,8,0.006191950464396245,0.9974200206398348,91,34,57
3,worst radius,21,9,0.0010319917440659854,0.9974200206398348,91,34,57
3,worst radius,21,10,0.006191950464396245,0.9974200206398348,91,34,57
3,worst texture,22,1,0.011351909184726394,0.9974200206398348,91,34,57
3,worst texture,22,2,0.011867905056759498,0.9974200206398348,91,34,57
3,worst texture,22,3,0.010319917440660409,0.9974200206398348,91,34,57
3,worst texture,22,4,0.014447884416924683,0.9974200206398348,91,34,57
3,worst texture,22,5,0.006707946336429238,0.9974200206398348,91,34,57
3,worst texture,22,6,0.006707946336429127,0.9974200206398348,91,34,57
3,worst texture,22,7,0.0020639834881320818,0.9974200206398348,91,34,57
3,worst texture,22,8,0.004643962848297045,0.9974200206398348,91,34,57
3,worst texture,22,9,0.009803921568627416,0.9974200206398348,91,34,57
3,worst texture,22,10,0.016511867905056765,0.9974200206398348,91,34,57
3,worst perimeter,23,1,0.00361197110423106,0.9974200206398348,91,34,57
3,worst perimeter,23,2,0.001547987616099089,0.9974200206398348,91,34,57
3,worst perimeter,23,3,0.0010319917440658744,0.9974200206398348,91,34,57
3,worst perimeter,23,4,0.004643962848297156,0.9974200206398348,91,34,57
3,worst perimeter,23,5,0.003095975232198067,0.9974200206398348,91,34,57
3,worst perimeter,23,6,0.001547987616098978,0.9974200206398348,91,34,57
3,worst perimeter,23,7,0.004643962848297156,0.9974200206398348,91,34,57
3,worst perimeter,23,8,0.005159958720330149,0.9974200206398348,91,34,57
3,worst perimeter,23,9,0.0010319917440659854,0.9974200206398348,91,34,57
3,worst perimeter,23,10,0.003611971104231171,0.9974200206398348,91,34,57
3,worst area,24,1,0.003611971104231171,0.9974200206398348,91,34,57
3,worst area,24,2,0.003095975232198067,0.9974200206398348,91,34,57
3,worst area,24,3,0.0020639834881320818,0.9974200206398348,91,34,57
3,worst area,24,4,0.0041279669762641635,0.9974200206398348,91,34,57
3,worst area,24,5,0.0041279669762640525,0.9974200206398348,91,34,57
3,worst area,24,6,0.0025799793601650745,0.9974200206398348,91,34,57
3,worst area,24,7,0.004643962848297156,0.9974200206398348,91,34,57
3,worst area,24,8,0.004643962848297156,0.9974200206398348,91,34,57
3,worst area,24,9,0.0020639834881320818,0.9974200206398348,91,34,57
3,worst area,24,10,0.004643962848297156,0.9974200206398348,91,34,57
3,worst smoothness,25,1,0.0020639834881320818,0.9974200206398348,91,34,57
3,worst smoothness,25,2,0.001547987616098978,0.9974200206398348,91,34,57
3,worst smoothness,25,3,0.0025799793601649634,0.9974200206398348,91,34,57
3,worst smoothness,25,4,0.0010319917440660964,0.9974200206398348,91,34,57
3,worst smoothness,25,5,0.001547987616098978,0.9974200206398348,91,34,57
3,worst smoothness,25,6,0.0010319917440659854,0.9974200206398348,91,34,57
3,worst smoothness,25,7,0.001547987616098978,0.9974200206398348,91,34,57
3,worst smoothness,25,8,0.006707946336429349,0.9974200206398348,91,34,57
3,worst smoothness,25,9,0.0005159958720329927,0.9974200206398348,91,34,57
3,worst smoothness,25,10,0.0025799793601649634,0.9974200206398348,91,34,57
3,worst compactness,26,1,0.001547987616098978,0.9974200206398348,91,34,57
3,worst compactness,26,2,0.0010319917440658744,0.9974200206398348,91,34,57
3,worst compactness,26,3,0.0025799793601650745,0.9974200206398348,91,34,57
3,worst compactness,26,4,0.0010319917440659854,0.9974200206398348,91,34,57
3,worst compactness,26,5,0.001547987616098978,0.9974200206398348,91,34,57
3,worst compactness,26,6,0.0,0.9974200206398348,91,34,57
3,worst compactness,26,7,-0.0005159958720331037,0.9974200206398348,91,34,57
3,worst compactness,26,8,0.0010319917440659854,0.9974200206398348,91,34,57
3,worst compactness,26,9,0.0005159958720329927,0.9974200206398348,91,34,57
3,worst compactness,26,10,0.0010319917440659854,0.9974200206398348,91,34,57
3,worst concavity,27,1,0.0025799793601650745,0.9974200206398348,91,34,57
3,worst concavity,27,2,0.0010319917440658744,0.9974200206398348,91,34,57
3,worst concavity,27,3,0.003095975232198067,0.9974200206398348,91,34,57
3,worst concavity,27,4,0.0005159958720329927,0.9974200206398348,91,34,57
3,worst concavity,27,5,0.0005159958720329927,0.9974200206398348,91,34,57
3,worst concavity,27,6,0.0010319917440659854,0.9974200206398348,91,34,57
3,worst concavity,27,7,0.0005159958720328817,0.9974200206398348,91,34,57
3,worst concavity,27,8,0.0020639834881320818,0.9974200206398348,91,34,57
3,worst concavity,27,9,0.0020639834881320818,0.9974200206398348,91,34,57
3,worst concavity,27,10,0.003095975232198067,0.9974200206398348,91,34,57
3,worst concave points,28,1,0.0041279669762640525,0.9974200206398348,91,34,57
3,worst concave points,28,2,0.001547987616098978,0.9974200206398348,91,34,57
3,worst concave points,28,3,0.0020639834881319707,0.9974200206398348,91,34,57
3,worst concave points,28,4,0.0025799793601650745,0.9974200206398348,91,34,57
3,worst concave points,28,5,0.0025799793601650745,0.9974200206398348,91,34,57
3,worst concave points,28,6,0.001547987616099089,0.9974200206398348,91,34,57
3,worst concave points,28,7,0.0025799793601650745,0.9974200206398348,91,34,57
3,worst concave points,28,8,0.006191950464396245,0.9974200206398348,91,34,57
3,worst concave points,28,9,-0.0010319917440662074,0.9974200206398348,91,34,57
3,worst concave points,28,10,0.004643962848297045,0.9974200206398348,91,34,57
3,worst symmetry,29,1,0.003611971104231171,0.9974200206398348,91,34,57
3,worst symmetry,29,2,0.003095975232198067,0.9974200206398348,91,34,57
3,worst symmetry,29,3,0.005159958720330149,0.9974200206398348,91,34,57
3,worst symmetry,29,4,0.0025799793601650745,0.9974200206398348,91,34,57
3,worst symmetry,29,5,0.00361197110423106,0.9974200206398348,91,34,57
3,worst symmetry,29,6,0.003095975232198067,0.9974200206398348,91,34,57
3,worst symmetry,29,7,-0.0005159958720331037,0.9974200206398348,91,34,57
3,worst symmetry,29,8,0.0041279669762641635,0.9974200206398348,91,34,57
3,worst symmetry,29,9,0.0041279669762641635,0.9974200206398348,91,34,57
3,worst symmetry,29,10,0.0041279669762641635,0.9974200206398348,91,34,57
3,worst fractal dimension,30,1,0.0005159958720329927,0.9974200206398348,91,34,57
3,worst fractal dimension,30,2,0.0005159958720329927,0.9974200206398348,91,34,57
3,worst fractal dimension,30,3,0.0020639834881320818,0.9974200206398348,91,34,57
3,worst fractal dimension,30,4,0.0,0.9974200206398348,91,34,57
3,worst fractal dimension,30,5,0.0,0.9974200206398348,91,34,57
3,worst fractal dimension,30,6,-0.0005159958720331037,0.9974200206398348,91,34,57
3,worst fractal dimension,30,7,-0.0010319917440662074,0.9974200206398348,91,34,57
3,worst fractal dimension,30,8,0.0010319917440660964,0.9974200206398348,91,34,57
3,worst fractal dimension,30,9,0.0005159958720329927,0.9974200206398348,91,34,57
3,worst fractal dimension,30,10,0.0005159958720329927,0.9974200206398348,91,34,57
4,mean radius,1,1,0.0005159958720329927,0.9979360165118679,91,34,57
4,mean radius,1,2,0.0041279669762642746,0.9979360165118679,91,34,57
4,mean radius,1,3,0.0020639834881320818,0.9979360165118679,91,34,57
4,mean radius,1,4,0.004643962848297267,0.9979360165118679,91,34,57
4,mean radius,1,5,0.004643962848297156,0.9979360165118679,91,34,57
4,mean radius,1,6,0.006191950464396356,0.9979360165118679,91,34,57
4,mean radius,1,7,0.0025799793601651855,0.9979360165118679,91,34,57
4,mean radius,1,8,0.004643962848297267,0.9979360165118679,91,34,57
4,mean radius,1,9,0.0015479876160992,0.9979360165118679,91,34,57
4,mean radius,1,10,0.002063983488132193,0.9979360165118679,91,34,57
4,mean texture,2,1,0.0020639834881320818,0.9979360165118679,91,34,57
4,mean texture,2,2,0.0005159958720331037,0.9979360165118679,91,34,57
4,mean texture,2,3,0.0005159958720331037,0.9979360165118679,91,34,57
4,mean texture,2,4,0.0025799793601650745,0.9979360165118679,91,34,57
4,mean texture,2,5,0.0025799793601651855,0.9979360165118679,91,34,57
4,mean texture,2,6,0.0025799793601650745,0.9979360165118679,91,34,57
4,mean texture,2,7,0.003611971104231171,0.9979360165118679,91,34,57
4,mean texture,2,8,0.0,0.9979360165118679,91,34,57
4,mean texture,2,9,0.003611971104231171,0.9979360165118679,91,34,57
4,mean texture,2,10,0.003611971104231171,0.9979360165118679,91,34,57
4,mean perimeter,3,1,0.0010319917440660964,0.9979360165118679,91,34,57
4,mean perimeter,3,2,0.003095975232198178,0.9979360165118679,91,34,57
4,mean perimeter,3,3,0.0025799793601651855,0.9979360165118679,91,34,57
4,mean perimeter,3,4,0.004643962848297267,0.9979360165118679,91,34,57
4,mean perimeter,3,5,0.004643962848297267,0.9979360165118679,91,34,57
4,mean perimeter,3,6,0.006191950464396356,0.9979360165118679,91,34,57
4,mean perimeter,3,7,0.0025799793601651855,0.9979360165118679,91,34,57
4,mean perimeter,3,8,0.004643962848297267,0.9979360165118679,91,34,57
4,mean perimeter,3,9,0.0015479876160992,0.9979360165118679,91,34,57
4,mean perimeter,3,10,0.002063983488132193,0.9979360165118679,91,34,57
4,mean area,4,1,0.001547987616099089,0.9979360165118679,91,34,57
4,mean area,4,2,0.003611971104231171,0.9979360165118679,91,34,57
4,mean area,4,3,0.003095975232198178,0.9979360165118679,91,34,57
4,mean area,4,4,0.004643962848297267,0.9979360165118679,91,34,57
4,mean area,4,5,0.004643962848297267,0.9979360165118679,91,34,57
4,mean area,4,6,0.006707946336429238,0.9979360165118679,91,34,57
4,mean area,4,7,0.003095975232198067,0.9979360165118679,91,34,57
4,mean area,4,8,0.005675954592363253,0.9979360165118679,91,34,57
4,mean area,4,9,0.0025799793601651855,0.9979360165118679,91,34,57
4,mean area,4,10,0.003095975232198178,0.9979360165118679,91,34,57
4,mean smoothness,5,1,0.0,0.9979360165118679,91,34,57
4,mean smoothness,5,2,0.0005159958720329927,0.9979360165118679,91,34,57
4,mean smoothness,5,3,0.0,0.9979360165118679,91,34,57
4,mean smoothness,5,4,0.0,0.9979360165118679,91,34,57
4,mean smoothness,5,5,0.0005159958720329927,0.9979360165118679,91,34,57
4,mean smoothness,5,6,0.0005159958720329927,0.9979360165118679,91,34,57
4,mean smoothness,5,7,0.0,0.9979360165118679,91,34,57
4,mean smoothness,5,8,0.0010319917440660964,0.9979360165118679,91,34,57
4,mean smoothness,5,9,0.0,0.9979360165118679,91,34,57
4,mean smoothness,5,10,0.0005159958720329927,0.9979360165118679,91,34,57
4,mean compactness,6,1,0.0,0.9979360165118679,91,34,57
4,mean compactness,6,2,0.0,0.9979360165118679,91,34,57
4,mean compactness,6,3,0.0005159958720329927,0.9979360165118679,91,34,57
4,mean compactness,6,4,0.0,0.9979360165118679,91,34,57
4,mean compactness,6,5,0.0005159958720329927,0.9979360165118679,91,34,57
4,mean compactness,6,6,0.0005159958720329927,0.9979360165118679,91,34,57
4,mean compactness,6,7,0.0,0.9979360165118679,91,34,57
4,mean compactness,6,8,0.0,0.9979360165118679,91,34,57
4,mean compactness,6,9,0.0,0.9979360165118679,91,34,57
4,mean compactness,6,10,0.0005159958720329927,0.9979360165118679,91,34,57
4,mean concavity,7,1,0.001547987616099089,0.9979360165118679,91,34,57
4,mean concavity,7,2,0.0010319917440660964,0.9979360165118679,91,34,57
4,mean concavity,7,3,0.003095975232198178,0.9979360165118679,91,34,57
4,mean concavity,7,4,0.002063983488132193,0.9979360165118679,91,34,57
4,mean concavity,7,5,0.003095975232198178,0.9979360165118679,91,34,57
4,mean concavity,7,6,0.006191950464396245,0.9979360165118679,91,34,57
4,mean concavity,7,7,0.003095975232198178,0.9979360165118679,91,34,57
4,mean concavity,7,8,0.004643962848297267,0.9979360165118679,91,34,57
4,mean concavity,7,9,0.0025799793601651855,0.9979360165118679,91,34,57
4,mean concavity,7,10,0.002063983488132193,0.9979360165118679,91,34,57
4,mean concave points,8,1,0.0020639834881320818,0.9979360165118679,91,34,57
4,mean concave points,8,2,0.003095975232198178,0.9979360165118679,91,34,57
4,mean concave points,8,3,0.0041279669762642746,0.9979360165118679,91,34,57
4,mean concave points,8,4,0.0041279669762641635,0.9979360165118679,91,34,57
4,mean concave points,8,5,0.003095975232198178,0.9979360165118679,91,34,57
4,mean concave points,8,6,0.006191950464396245,0.9979360165118679,91,34,57
4,mean concave points,8,7,0.003611971104231171,0.9979360165118679,91,34,57
4,mean concave points,8,8,0.006191950464396245,0.9979360165118679,91,34,57
4,mean concave points,8,9,0.0041279669762641635,0.9979360165118679,91,34,57
4,mean concave points,8,10,0.002063983488132193,0.9979360165118679,91,34,57
4,mean symmetry,9,1,0.001547987616099089,0.9979360165118679,91,34,57
4,mean symmetry,9,2,0.0005159958720329927,0.9979360165118679,91,34,57
4,mean symmetry,9,3,0.0010319917440660964,0.9979360165118679,91,34,57
4,mean symmetry,9,4,0.0005159958720329927,0.9979360165118679,91,34,57
4,mean symmetry,9,5,0.0010319917440660964,0.9979360165118679,91,34,57
4,mean symmetry,9,6,0.0005159958720329927,0.9979360165118679,91,34,57
4,mean symmetry,9,7,0.0005159958720329927,0.9979360165118679,91,34,57
4,mean symmetry,9,8,0.001547987616099089,0.9979360165118679,91,34,57
4,mean symmetry,9,9,0.0010319917440660964,0.9979360165118679,91,34,57
4,mean symmetry,9,10,0.0005159958720329927,0.9979360165118679,91,34,57
4,mean fractal dimension,10,1,0.001547987616099089,0.9979360165118679,91,34,57
4,mean fractal dimension,10,2,0.001547987616099089,0.9979360165118679,91,34,57
4,mean fractal dimension,10,3,0.0010319917440660964,0.9979360165118679,91,34,57
4,mean fractal dimension,10,4,0.0010319917440660964,0.9979360165118679,91,34,57
4,mean fractal dimension,10,5,0.0005159958720329927,0.9979360165118679,91,34,57
4,mean fractal dimension,10,6,0.002063983488132193,0.9979360165118679,91,34,57
4,mean fractal dimension,10,7,0.0010319917440660964,0.9979360165118679,91,34,57
4,mean fractal dimension,10,8,0.0005159958720329927,0.9979360165118679,91,34,57
4,mean fractal dimension,10,9,0.0,0.9979360165118679,91,34,57
4,mean fractal dimension,10,10,0.0005159958720329927,0.9979360165118679,91,34,57
4,radius error,11,1,0.003095975232198067,0.9979360165118679,91,34,57
4,radius error,11,2,0.0025799793601650745,0.9979360165118679,91,34,57
4,radius error,11,3,0.004643962848297267,0.9979360165118679,91,34,57
4,radius error,11,4,0.002063983488132193,0.9979360165118679,91,34,57
4,radius error,11,5,0.003611971104231171,0.9979360165118679,91,34,57
4,radius error,11,6,0.003611971104231171,0.9979360165118679,91,34,57
4,radius error,11,7,0.0041279669762641635,0.9979360165118679,91,34,57
4,radius error,11,8,0.004643962848297156,0.9979360165118679,91,34,57
4,radius error,11,9,0.00515995872033026,0.9979360165118679,91,34,57
4,radius error,11,10,0.0005159958720329927,0.9979360165118679,91,34,57
4,texture error,12,1,0.0010319917440660964,0.9979360165118679,91,34,57
4,texture error,12,2,0.0005159958720329927,0.9979360165118679,91,34,57
4,texture error,12,3,0.0005159958720329927,0.9979360165118679,91,34,57
4,texture error,12,4,0.0010319917440660964,0.9979360165118679,91,34,57
4,texture error,12,5,0.0005159958720329927,0.9979360165118679,91,34,57
4,texture error,12,6,0.0005159958720329927,0.9979360165118679,91,34,57
4,texture error,12,7,0.0005159958720329927,0.9979360165118679,91,34,57
4,texture error,12,8,0.0010319917440660964,0.9979360165118679,91,34,57
4,texture error,12,9,0.0005159958720329927,0.9979360165118679,91,34,57
4,texture error,12,10,0.0005159958720329927,0.9979360165118679,91,34,57
4,perimeter error,13,1,0.0015479876160992,0.9979360165118679,91,34,57
4,perimeter error,13,2,0.0005159958720329927,0.9979360165118679,91,34,57
4,perimeter error,13,3,0.0025799793601650745,0.9979360165118679,91,34,57
4,perimeter error,13,4,0.0005159958720329927,0.9979360165118679,91,34,57
4,perimeter error,13,5,0.0020639834881320818,0.9979360165118679,91,34,57
4,perimeter error,13,6,0.0020639834881320818,0.9979360165118679,91,34,57
4,perimeter error,13,7,0.0010319917440660964,0.9979360165118679,91,34,57
4,perimeter error,13,8,0.002063983488132193,0.9979360165118679,91,34,57
4,perimeter error,13,9,0.0020639834881320818,0.9979360165118679,91,34,57
4,perimeter error,13,10,0.0010319917440660964,0.9979360165118679,91,34,57
4,area error,14,1,0.0025799793601651855,0.9979360165118679,91,34,57
4,area error,14,2,0.0041279669762642746,0.9979360165118679,91,34,57
4,area error,14,3,0.004643962848297267,0.9979360165118679,91,34,57
4,area error,14,4,0.005675954592363253,0.9979360165118679,91,34,57
4,area error,14,5,0.003611971104231171,0.9979360165118679,91,34,57
4,area error,14,6,0.003611971104231171,0.9979360165118679,91,34,57
4,area error,14,7,0.003611971104231171,0.9979360165118679,91,34,57
4,area error,14,8,0.004643962848297156,0.9979360165118679,91,34,57
4,area error,14,9,0.003095975232198067,0.9979360165118679,91,34,57
4,area error,14,10,0.0025799793601651855,0.9979360165118679,91,34,57
4,smoothness error,15,1,0.001547987616099089,0.9979360165118679,91,34,57
4,smoothness error,15,2,0.0010319917440660964,0.9979360165118679,91,34,57
4,smoothness error,15,3,0.0005159958720329927,0.9979360165118679,91,34,57
4,smoothness error,15,4,0.0,0.9979360165118679,91,34,57
4,smoothness error,15,5,0.0,0.9979360165118679,91,34,57
4,smoothness error,15,6,0.0010319917440660964,0.9979360165118679,91,34,57
4,smoothness error,15,7,0.0005159958720329927,0.9979360165118679,91,34,57
4,smoothness error,15,8,0.0010319917440660964,0.9979360165118679,91,34,57
4,smoothness error,15,9,0.0,0.9979360165118679,91,34,57
4,smoothness error,15,10,0.0,0.9979360165118679,91,34,57
4,compactness error,16,1,0.0010319917440660964,0.9979360165118679,91,34,57
4,compactness error,16,2,0.0010319917440660964,0.9979360165118679,91,34,57
4,compactness error,16,3,0.0020639834881320818,0.9979360165118679,91,34,57
4,compactness error,16,4,0.0025799793601650745,0.9979360165118679,91,34,57
4,compactness error,16,5,0.0005159958720329927,0.9979360165118679,91,34,57
4,compactness error,16,6,0.0010319917440660964,0.9979360165118679,91,34,57
4,compactness error,16,7,0.0010319917440659854,0.9979360165118679,91,34,57
4,compactness error,16,8,0.0010319917440660964,0.9979360165118679,91,34,57
4,compactness error,16,9,0.0,0.9979360165118679,91,34,57
4,compactness error,16,10,0.004643962848297156,0.9979360165118679,91,34,57
4,concavity error,17,1,0.0005159958720329927,0.9979360165118679,91,34,57
4,concavity error,17,2,0.0,0.9979360165118679,91,34,57
4,concavity error,17,3,0.0,0.9979360165118679,91,34,57
4,concavity error,17,4,0.0,0.9979360165118679,91,34,57
4,concavity error,17,5,0.0005159958720329927,0.9979360165118679,91,34,57
4,concavity error,17,6,0.0005159958720329927,0.9979360165118679,91,34,57
4,concavity error,17,7,0.0005159958720329927,0.9979360165118679,91,34,57
4,concavity error,17,8,0.0,0.9979360165118679,91,34,57
4,concavity error,17,9,0.0,0.9979360165118679,91,34,57
4,concavity error,17,10,0.0,0.9979360165118679,91,34,57
4,concave points error,18,1,0.0005159958720329927,0.9979360165118679,91,34,57
4,concave points error,18,2,0.0,0.9979360165118679,91,34,57
4,concave points error,18,3,0.0,0.9979360165118679,91,34,57
4,concave points error,18,4,0.0,0.9979360165118679,91,34,57
4,concave points error,18,5,0.0005159958720329927,0.9979360165118679,91,34,57
4,concave points error,18,6,0.0005159958720329927,0.9979360165118679,91,34,57
4,concave points error,18,7,0.0,0.9979360165118679,91,34,57
4,concave points error,18,8,0.0,0.9979360165118679,91,34,57
4,concave points error,18,9,0.0,0.9979360165118679,91,34,57
4,concave points error,18,10,0.0,0.9979360165118679,91,34,57
4,symmetry error,19,1,0.0005159958720329927,0.9979360165118679,91,34,57
4,symmetry error,19,2,0.0010319917440660964,0.9979360165118679,91,34,57
4,symmetry error,19,3,0.0005159958720329927,0.9979360165118679,91,34,57
4,symmetry error,19,4,0.0010319917440660964,0.9979360165118679,91,34,57
4,symmetry error,19,5,0.0010319917440660964,0.9979360165118679,91,34,57
4,symmetry error,19,6,0.0010319917440660964,0.9979360165118679,91,34,57
4,symmetry error,19,7,0.0,0.9979360165118679,91,34,57
4,symmetry error,19,8,0.0,0.9979360165118679,91,34,57
4,symmetry error,19,9,0.0005159958720329927,0.9979360165118679,91,34,57
4,symmetry error,19,10,0.0010319917440660964,0.9979360165118679,91,34,57
4,fractal dimension error,20,1,0.0010319917440660964,0.9979360165118679,91,34,57
4,fractal dimension error,20,2,0.0010319917440660964,0.9979360165118679,91,34,57
4,fractal dimension error,20,3,0.0010319917440660964,0.9979360165118679,91,34,57
4,fractal dimension error,20,4,0.0010319917440660964,0.9979360165118679,91,34,57
4,fractal dimension error,20,5,0.0010319917440660964,0.9979360165118679,91,34,57
4,fractal dimension error,20,6,0.0,0.9979360165118679,91,34,57
4,fractal dimension error,20,7,0.0010319917440660964,0.9979360165118679,91,34,57
4,fractal dimension error,20,8,0.0,0.9979360165118679,91,34,57
4,fractal dimension error,20,9,0.0,0.9979360165118679,91,34,57
4,fractal dimension error,20,10,0.0005159958720329927,0.9979360165118679,91,34,57
4,worst radius,21,1,0.001547987616099089,0.9979360165118679,91,34,57
4,worst radius,21,2,0.00877192982456143,0.9979360165118679,91,34,57
4,worst radius,21,3,0.003611971104231171,0.9979360165118679,91,34,57
4,worst radius,21,4,0.00515995872033026,0.9979360165118679,91,34,57
4,worst radius,21,5,0.00515995872033026,0.9979360165118679,91,34,57
4,worst radius,21,6,0.008255933952528438,0.9979360165118679,91,34,57
4,worst radius,21,7,0.003611971104231171,0.9979360165118679,91,34,57
4,worst radius,21,8,0.00515995872033026,0.9979360165118679,91,34,57
4,worst radius,21,9,0.0015479876160992,0.9979360165118679,91,34,57
4,worst radius,21,10,0.002063983488132193,0.9979360165118679,91,34,57
4,worst texture,22,1,0.003611971104231171,0.9979360165118679,91,34,57
4,worst texture,22,2,0.010835913312693513,0.9979360165118679,91,34,57
4,worst texture,22,3,0.00515995872033026,0.9979360165118679,91,34,57
4,worst texture,22,4,0.007223942208462342,0.9979360165118679,91,34,57
4,worst texture,22,5,0.006191950464396245,0.9979360165118679,91,34,57
4,worst texture,22,6,0.008255933952528327,0.9979360165118679,91,34,57
4,worst texture,22,7,0.012899896800825483,0.9979360165118679,91,34,57
4,worst texture,22,8,0.003095975232198067,0.9979360165118679,91,34,57
4,worst texture,22,9,0.00877192982456143,0.9979360165118679,91,34,57
4,worst texture,22,10,0.009287925696594423,0.9979360165118679,91,34,57
4,worst perimeter,23,1,0.001547987616099089,0.9979360165118679,91,34,57
4,worst perimeter,23,2,0.006191950464396245,0.9979360165118679,91,34,57
4,worst perimeter,23,3,0.003095975232198178,0.9979360165118679,91,34,57
4,worst perimeter,23,4,0.00515995872033026,0.9979360165118679,91,34,57
4,worst perimeter,23,5,0.0041279669762641635,0.9979360165118679,91,34,57
4,worst perimeter,23,6,0.007223942208462342,0.9979360165118679,91,34,57
4,worst perimeter,23,7,0.003095975232198067,0.9979360165118679,91,34,57
4,worst perimeter,23,8,0.004643962848297267,0.9979360165118679,91,34,57
4,worst perimeter,23,9,0.0010319917440660964,0.9979360165118679,91,34,57
4,worst perimeter,23,10,0.002063983488132193,0.9979360165118679,91,34,57
4,worst area,24,1,0.001547987616099089,0.9979360165118679,91,34,57
4,worst area,24,2,0.007739938080495334,0.9979360165118679,91,34,57
4,worst area,24,3,0.003611971104231171,0.9979360165118679,91,34,57
4,worst area,24,4,0.00515995872033026,0.9979360165118679,91,34,57
4,worst area,24,5,0.004643962848297267,0.9979360165118679,91,34,57
4,worst area,24,6,0.009803921568627416,0.9979360165118679,91,34,57
4,worst area,24,7,0.003611971104231171,0.9979360165118679,91,34,57
4,worst area,24,8,0.004643962848297267,0.9979360165118679,91,34,57
4,worst area,24,9,0.0025799793601650745,0.9979360165118679,91,34,57
4,worst area,24,10,0.002063983488132193,0.9979360165118679,91,34,57
4,worst smoothness,25,1,0.002063983488132193,0.9979360165118679,91,34,57
4,worst smoothness,25,2,0.00515995872033026,0.9979360165118679,91,34,57
4,worst smoothness,25,3,0.0025799793601650745,0.9979360165118679,91,34,57
4,worst smoothness,25,4,0.0025799793601651855,0.9979360165118679,91,34,57
4,worst smoothness,25,5,0.0005159958720329927,0.9979360165118679,91,34,57
4,worst smoothness,25,6,0.0010319917440660964,0.9979360165118679,91,34,57
4,worst smoothness,25,7,0.0041279669762642746,0.9979360165118679,91,34,57
4,worst smoothness,25,8,0.007223942208462453,0.9979360165118679,91,34,57
4,worst smoothness,25,9,0.007223942208462342,0.9979360165118679,91,34,57
4,worst smoothness,25,10,0.0020639834881320818,0.9979360165118679,91,34,57
4,worst compactness,26,1,0.0,0.9979360165118679,91,34,57
4,worst compactness,26,2,0.0,0.9979360165118679,91,34,57
4,worst compactness,26,3,0.0,0.9979360165118679,91,34,57
4,worst compactness,26,4,0.0,0.9979360165118679,91,34,57
4,worst compactness,26,5,0.0010319917440660964,0.9979360165118679,91,34,57
4,worst compactness,26,6,0.0,0.9979360165118679,91,34,57
4,worst compactness,26,7,0.0,0.9979360165118679,91,34,57
4,worst compactness,26,8,0.0010319917440660964,0.9979360165118679,91,34,57
4,worst compactness,26,9,0.0,0.9979360165118679,91,34,57
4,worst compactness,26,10,0.0,0.9979360165118679,91,34,57
4,worst concavity,27,1,0.003095975232198178,0.9979360165118679,91,34,57
4,worst concavity,27,2,0.0020639834881320818,0.9979360165118679,91,34,57
4,worst concavity,27,3,0.0020639834881320818,0.9979360165118679,91,34,57
4,worst concavity,27,4,0.003611971104231282,0.9979360165118679,91,34,57
4,worst concavity,27,5,0.003095975232198067,0.9979360165118679,91,34,57
4,worst concavity,27,6,0.0025799793601651855,0.9979360165118679,91,34,57
4,worst concavity,27,7,0.003611971104231171,0.9979360165118679,91,34,57
4,worst concavity,27,8,0.00515995872033026,0.9979360165118679,91,34,57
4,worst concavity,27,9,0.003611971104231171,0.9979360165118679,91,34,57
4,worst concavity,27,10,0.0025799793601651855,0.9979360165118679,91,34,57
4,worst concave points,28,1,0.003611971104231171,0.9979360165118679,91,34,57
4,worst concave points,28,2,0.006191950464396245,0.9979360165118679,91,34,57
4,worst concave points,28,3,0.00515995872033026,0.9979360165118679,91,34,57
4,worst concave points,28,4,0.00515995872033026,0.9979360165118679,91,34,57
4,worst concave points,28,5,0.003611971104231171,0.9979360165118679,91,34,57
4,worst concave points,28,6,0.00515995872033026,0.9979360165118679,91,34,57
4,worst concave points,28,7,0.006191950464396356,0.9979360165118679,91,34,57
4,worst concave points,28,8,0.008255933952528438,0.9979360165118679,91,34,57
4,worst concave points,28,9,0.0041279669762642746,0.9979360165118679,91,34,57
4,worst concave points,28,10,0.003611971104231171,0.9979360165118679,91,34,57
4,worst symmetry,29,1,0.001547987616099089,0.9979360165118679,91,34,57
4,worst symmetry,29,2,0.0041279669762641635,0.9979360165118679,91,34,57
4,worst symmetry,29,3,0.003611971104231171,0.9979360165118679,91,34,57
4,worst symmetry,29,4,0.003095975232198178,0.9979360165118679,91,34,57
4,worst symmetry,29,5,0.001547987616099089,0.9979360165118679,91,34,57
4,worst symmetry,29,6,0.0010319917440660964,0.9979360165118679,91,34,57
4,worst symmetry,29,7,0.003611971104231171,0.9979360165118679,91,34,57
4,worst symmetry,29,8,0.003095975232198067,0.9979360165118679,91,34,57
4,worst symmetry,29,9,0.004643962848297267,0.9979360165118679,91,34,57
4,worst symmetry,29,10,-0.0010319917440659854,0.9979360165118679,91,34,57
4,worst fractal dimension,30,1,0.001547987616099089,0.9979360165118679,91,34,57
4,worst fractal dimension,30,2,0.0010319917440660964,0.9979360165118679,91,34,57
4,worst fractal dimension,30,3,0.0,0.9979360165118679,91,34,57
4,worst fractal dimension,30,4,0.0005159958720329927,0.9979360165118679,91,34,57
4,worst fractal dimension,30,5,0.0010319917440660964,0.9979360165118679,91,34,57
4,worst fractal dimension,30,6,0.0005159958720329927,0.9979360165118679,91,34,57
4,worst fractal dimension,30,7,0.0010319917440660964,0.9979360165118679,91,34,57
4,worst fractal dimension,30,8,0.001547987616099089,0.9979360165118679,91,34,57
4,worst fractal dimension,30,9,0.0010319917440660964,0.9979360165118679,91,34,57
4,worst fractal dimension,30,10,0.0,0.9979360165118679,91,34,57
5,mean radius,1,1,-0.0010319917440660964,0.9989680082559339,91,34,57
5,mean radius,1,2,0.0,0.9989680082559339,91,34,57
5,mean radius,1,3,-0.0010319917440660964,0.9989680082559339,91,34,57
5,mean radius,1,4,0.0010319917440659854,0.9989680082559339,91,34,57
5,mean radius,1,5,-0.0010319917440660964,0.9989680082559339,91,34,57
5,mean radius,1,6,0.0,0.9989680082559339,91,34,57
5,mean radius,1,7,0.0020639834881320818,0.9989680082559339,91,34,57
5,mean radius,1,8,-0.0010319917440660964,0.9989680082559339,91,34,57
5,mean radius,1,9,0.0020639834881320818,0.9989680082559339,91,34,57
5,mean radius,1,10,0.001547987616099089,0.9989680082559339,91,34,57
5,mean texture,2,1,-0.0010319917440660964,0.9989680082559339,91,34,57
5,mean texture,2,2,-0.0010319917440660964,0.9989680082559339,91,34,57
5,mean texture,2,3,-0.0010319917440660964,0.9989680082559339,91,34,57
5,mean texture,2,4,-0.0010319917440660964,0.9989680082559339,91,34,57
5,mean texture,2,5,-0.0010319917440660964,0.9989680082559339,91,34,57
5,mean texture,2,6,-0.0010319917440660964,0.9989680082559339,91,34,57
5,mean texture,2,7,0.001547987616099089,0.9989680082559339,91,34,57
5,mean texture,2,8,-0.0010319917440660964,0.9989680082559339,91,34,57
5,mean texture,2,9,-0.0005159958720329927,0.9989680082559339,91,34,57
5,mean texture,2,10,0.00515995872033026,0.9989680082559339,91,34,57
5,mean perimeter,3,1,-0.0010319917440660964,0.9989680082559339,91,34,57
5,mean perimeter,3,2,-0.0005159958720329927,0.9989680082559339,91,34,57
5,mean perimeter,3,3,-0.0010319917440660964,0.9989680082559339,91,34,57
5,mean perimeter,3,4,0.0010319917440659854,0.9989680082559339,91,34,57
5,mean perimeter,3,5,-0.0010319917440660964,0.9989680082559339,91,34,57
5,mean perimeter,3,6,0.0,0.9989680082559339,91,34,57
5,mean perimeter,3,7,0.0020639834881320818,0.9989680082559339,91,34,57
5,mean perimeter,3,8,-0.0010319917440660964,0.9989680082559339,91,34,57
5,mean perimeter,3,9,0.0020639834881320818,0.9989680082559339,91,34,57
5,mean perimeter,3,10,0.0010319917440659854,0.9989680082559339,91,34,57
5,mean area,4,1,-0.0010319917440660964,0.9989680082559339,91,34,57
5,mean area,4,2,-0.0005159958720329927,0.9989680082559339,91,34,57
5,mean area,4,3,-0.0010319917440660964,0.9989680082559339,91,34,57
5,mean area,4,4,0.0005159958720328817,0.9989680082559339,91,34,57
5,mean area,4,5,-0.0010319917440660964,0.9989680082559339,91,34,57
5,mean area,4,6,0.0,0.9989680082559339,91,34,57
5,mean area,4,7,0.0020639834881320818,0.9989680082559339,91,34,57
5,mean area,4,8,-0.0010319917440660964,0.9989680082559339,91,34,57
5,mean area,4,9,0.0020639834881320818,0.9989680082559339,91,34,57
5,mean area,4,10,0.0010319917440659854,0.9989680082559339,91,34,57
5,mean smoothness,5,1,-0.0010319917440660964,0.9989680082559339,91,34,57
5,mean smoothness,5,2,-0.0005159958720329927,0.9989680082559339,91,34,57
5,mean smoothness,5,3,-0.0010319917440660964,0.9989680082559339,91,34,57
5,mean smoothness,5,4,0.0005159958720328817,0.9989680082559339,91,34,57
5,mean smoothness,5,5,-0.0010319917440660964,0.9989680082559339,91,34,57
5,mean smoothness,5,6,0.0005159958720328817,0.9989680082559339,91,34,57
5,mean smoothness,5,7,-0.0010319917440660964,0.9989680082559339,91,34,57
5,mean smoothness,5,8,-0.0010319917440660964,0.9989680082559339,91,34,57
5,mean smoothness,5,9,0.0005159958720328817,0.9989680082559339,91,34,57
5,mean smoothness,5,10,-0.0005159958720329927,0.9989680082559339,91,34,57
5,mean compactness,6,1,0.0005159958720328817,0.9989680082559339,91,34,57
5,mean compactness,6,2,0.0,0.9989680082559339,91,34,57
5,mean compactness,6,3,0.0,0.9989680082559339,91,34,57
5,mean compactness,6,4,0.0005159958720328817,0.9989680082559339,91,34,57
5,mean compactness,6,5,0.0005159958720328817,0.9989680082559339,91,34,57
5,mean compactness,6,6,0.0,0.9989680082559339,91,34,57
5,mean compactness,6,7,0.0,0.9989680082559339,91,34,57
5,mean compactness,6,8,0.0005159958720328817,0.9989680082559339,91,34,57
5,mean compactness,6,9,0.0,0.9989680082559339,91,34,57
5,mean compactness,6,10,0.0,0.9989680082559339,91,34,57
5,mean concavity,7,1,-0.0010319917440660964,0.9989680082559339,91,34,57
5,mean concavity,7,2,-0.0010319917440660964,0.9989680082559339,91,34,57
5,mean concavity,7,3,-0.0010319917440660964,0.9989680082559339,91,34,57
5,mean concavity,7,4,0.0010319917440659854,0.9989680082559339,91,34,57
5,mean concavity,7,5,-0.0010319917440660964,0.9989680082559339,91,34,57
5,mean concavity,7,6,-0.0005159958720329927,0.9989680082559339,91,34,57
5,mean concavity,7,7,-0.0005159958720329927,0.9989680082559339,91,34,57
5,mean concavity,7,8,-0.0010319917440660964,0.9989680082559339,91,34,57
5,mean concavity,7,9,-0.0005159958720329927,0.9989680082559339,91,34,57
5,mean concavity,7,10,0.0,0.9989680082559339,91,34,57
5,mean concave points,8,1,-0.0010319917440660964,0.9989680082559339,91,34,57
5,mean concave points,8,2,-0.0010319917440660964,0.9989680082559339,91,34,57
5,mean concave points,8,3,-0.0010319917440660964,0.9989680082559339,91,34,57
5,mean concave points,8,4,0.001547987616099089,0.9989680082559339,91,34,57
5,mean concave points,8,5,-0.0010319917440660964,0.9989680082559339,91,34,57
5,mean concave points,8,6,0.0,0.9989680082559339,91,34,57
5,mean concave points,8,7,0.001547987616099089,0.9989680082559339,91,34,57
5,mean concave points,8,8,-0.0010319917440660964,0.9989680082559339,91,34,57
5,mean concave points,8,9,0.0005159958720328817,0.9989680082559339,91,34,57
5,mean concave points,8,10,0.0,0.9989680082559339,91,34,57
5,mean symmetry,9,1,-0.0005159958720329927,0.9989680082559339,91,34,57
5,mean symmetry,9,2,-0.0005159958720329927,0.9989680082559339,91,34,57
5,mean symmetry,9,3,-0.0010319917440660964,0.9989680082559339,91,34,57
5,mean symmetry,9,4,0.0,0.9989680082559339,91,34,57
5,mean symmetry,9,5,-0.0010319917440660964,0.9989680082559339,91,34,57
5,mean symmetry,9,6,0.0005159958720328817,0.9989680082559339,91,34,57
5,mean symmetry,9,7,-0.0010319917440660964,0.9989680082559339,91,34,57
5,mean symmetry,9,8,-0.0010319917440660964,0.9989680082559339,91,34,57
5,mean symmetry,9,9,0.0005159958720328817,0.9989680082559339,91,34,57
5,mean symmetry,9,10,0.0,0.9989680082559339,91,34,57
5,mean fractal dimension,10,1,-0.0005159958720329927,0.9989680082559339,91,34,57
5,mean fractal dimension,10,2,0.0,0.9989680082559339,91,34,57
5,mean fractal dimension,10,3,0.0,0.9989680082559339,91,34,57
5,mean fractal dimension,10,4,-0.0005159958720329927,0.9989680082559339,91,34,57
5,mean fractal dimension,10,5,0.0010319917440659854,0.9989680082559339,91,34,57
5,mean fractal dimension,10,6,0.0010319917440659854,0.9989680082559339,91,34,57
5,mean fractal dimension,10,7,0.001547987616099089,0.9989680082559339,91,34,57
5,mean fractal dimension,10,8,0.001547987616099089,0.9989680082559339,91,34,57
5,mean fractal dimension,10,9,0.0005159958720328817,0.9989680082559339,91,34,57
5,mean fractal dimension,10,10,0.0005159958720328817,0.9989680082559339,91,34,57
5,radius error,11,1,-0.0010319917440660964,0.9989680082559339,91,34,57
5,radius error,11,2,-0.0010319917440660964,0.9989680082559339,91,34,57
5,radius error,11,3,-0.0010319917440660964,0.9989680082559339,91,34,57
5,radius error,11,4,0.0,0.9989680082559339,91,34,57
5,radius error,11,5,-0.0010319917440660964,0.9989680082559339,91,34,57
5,radius error,11,6,-0.0005159958720329927,0.9989680082559339,91,34,57
5,radius error,11,7,0.0,0.9989680082559339,91,34,57
5,radius error,11,8,-0.0010319917440660964,0.9989680082559339,91,34,57
5,radius error,11,9,-0.0005159958720329927,0.9989680082559339,91,34,57
5,radius error,11,10,-0.0005159958720329927,0.9989680082559339,91,34,57
5,texture error,12,1,0.0,0.9989680082559339,91,34,57
5,texture error,12,2,0.0,0.9989680082559339,91,34,57
5,texture error,12,3,-0.0005159958720329927,0.9989680082559339,91,34,57
5,texture error,12,4,0.0,0.9989680082559339,91,34,57
5,texture error,12,5,-0.0010319917440660964,0.9989680082559339,91,34,57
5,texture error,12,6,0.0005159958720328817,0.9989680082559339,91,34,57
5,texture error,12,7,0.0005159958720328817,0.9989680082559339,91,34,57
5,texture error,12,8,0.0005159958720328817,0.9989680082559339,91,34,57
5,texture error,12,9,0.0,0.9989680082559339,91,34,57
5,texture error,12,10,-0.0010319917440660964,0.9989680082559339,91,34,57
5,perimeter error,13,1,-0.0010319917440660964,0.9989680082559339,91,34,57
5,perimeter error,13,2,-0.0010319917440660964,0.9989680082559339,91,34,57
5,perimeter error,13,3,-0.0010319917440660964,0.9989680082559339,91,34,57
5,perimeter error,13,4,-0.0005159958720329927,0.9989680082559339,91,34,57
5,perimeter error,13,5,-0.0010319917440660964,0.9989680082559339,91,34,57
5,perimeter error,13,6,-0.0005159958720329927,0.9989680082559339,91,34,57
5,perimeter error,13,7,-0.0005159958720329927,0.9989680082559339,91,34,57
5,perimeter error,13,8,-0.0010319917440660964,0.9989680082559339,91,34,57
5,perimeter error,13,9,-0.0010319917440660964,0.9989680082559339,91,34,57
5,perimeter error,13,10,-0.0005159958720329927,0.9989680082559339,91,34,57
5,area error,14,1,-0.0010319917440660964,0.9989680082559339,91,34,57
5,area error,14,2,-0.0010319917440660964,0.9989680082559339,91,34,57
5,area error,14,3,-0.0010319917440660964,0.9989680082559339,91,34,57
5,area error,14,4,0.0,0.9989680082559339,91,34,57
5,area error,14,5,-0.0010319917440660964,0.9989680082559339,91,34,57
5,area error,14,6,-0.0005159958720329927,0.9989680082559339,91,34,57
5,area error,14,7,0.0,0.9989680082559339,91,34,57
5,area error,14,8,-0.0010319917440660964,0.9989680082559339,91,34,57
5,area error,14,9,-0.0005159958720329927,0.9989680082559339,91,34,57
5,area error,14,10,-0.0005159958720329927,0.9989680082559339,91,34,57
5,smoothness error,15,1,-0.0010319917440660964,0.9989680082559339,91,34,57
5,smoothness error,15,2,-0.0010319917440660964,0.9989680082559339,91,34,57
5,smoothness error,15,3,0.0,0.9989680082559339,91,34,57
5,smoothness error,15,4,-0.0005159958720329927,0.9989680082559339,91,34,57
5,smoothness error,15,5,-0.0010319917440660964,0.9989680082559339,91,34,57
5,smoothness error,15,6,-0.0010319917440660964,0.9989680082559339,91,34,57
5,smoothness error,15,7,-0.0005159958720329927,0.9989680082559339,91,34,57
5,smoothness error,15,8,-0.0005159958720329927,0.9989680082559339,91,34,57
5,smoothness error,15,9,-0.0010319917440660964,0.9989680082559339,91,34,57
5,smoothness error,15,10,-0.0010319917440660964,0.9989680082559339,91,34,57
5,compactness error,16,1,0.0020639834881320818,0.9989680082559339,91,34,57
5,compactness error,16,2,0.0005159958720328817,0.9989680082559339,91,34,57
5,compactness error,16,3,0.0010319917440659854,0.9989680082559339,91,34,57
5,compactness error,16,4,0.0,0.9989680082559339,91,34,57
5,compactness error,16,5,0.0020639834881320818,0.9989680082559339,91,34,57
5,compactness error,16,6,0.0010319917440659854,0.9989680082559339,91,34,57
5,compactness error,16,7,0.0005159958720328817,0.9989680082559339,91,34,57
5,compactness error,16,8,0.0025799793601649634,0.9989680082559339,91,34,57
5,compactness error,16,9,0.003095975232198067,0.9989680082559339,91,34,57
5,compactness error,16,10,0.0,0.9989680082559339,91,34,57
5,concavity error,17,1,-0.0005159958720329927,0.9989680082559339,91,34,57
5,concavity error,17,2,-0.0005159958720329927,0.9989680082559339,91,34,57
5,concavity error,17,3,-0.0005159958720329927,0.9989680082559339,91,34,57
5,concavity error,17,4,-0.0005159958720329927,0.9989680082559339,91,34,57
5,concavity error,17,5,-0.0005159958720329927,0.9989680082559339,91,34,57
5,concavity error,17,6,-0.0005159958720329927,0.9989680082559339,91,34,57
5,concavity error,17,7,-0.0005159958720329927,0.9989680082559339,91,34,57
5,concavity error,17,8,0.0,0.9989680082559339,91,34,57
5,concavity error,17,9,-0.0005159958720329927,0.9989680082559339,91,34,57
5,concavity error,17,10,-0.0005159958720329927,0.9989680082559339,91,34,57
5,concave points error,18,1,-0.0010319917440660964,0.9989680082559339,91,34,57
5,concave points error,18,2,-0.0005159958720329927,0.9989680082559339,91,34,57
5,concave points error,18,3,-0.0010319917440660964,0.9989680082559339,91,34,57
5,concave points error,18,4,-0.0010319917440660964,0.9989680082559339,91,34,57
5,concave points error,18,5,-0.0010319917440660964,0.9989680082559339,91,34,57
5,concave points error,18,6,-0.0010319917440660964,0.9989680082559339,91,34,57
5,concave points error,18,7,-0.0010319917440660964,0.9989680082559339,91,34,57
5,concave points error,18,8,-0.0010319917440660964,0.9989680082559339,91,34,57
5,concave points error,18,9,-0.0010319917440660964,0.9989680082559339,91,34,57
5,concave points error,18,10,-0.0010319917440660964,0.9989680082559339,91,34,57
5,symmetry error,19,1,0.0,0.9989680082559339,91,34,57
5,symmetry error,19,2,-0.0005159958720329927,0.9989680082559339,91,34,57
5,symmetry error,19,3,-0.0010319917440660964,0.9989680082559339,91,34,57
5,symmetry error,19,4,0.0,0.9989680082559339,91,34,57
5,symmetry error,19,5,0.0,0.9989680082559339,91,34,57
5,symmetry error,19,6,-0.0005159958720329927,0.9989680082559339,91,34,57
5,symmetry error,19,7,0.0005159958720328817,0.9989680082559339,91,34,57
5,symmetry error,19,8,0.0005159958720328817,0.9989680082559339,91,34,57
5,symmetry error,19,9,-0.0005159958720329927,0.9989680082559339,91,34,57
5,symmetry error,19,10,-0.0005159958720329927,0.9989680082559339,91,34,57
5,fractal dimension error,20,1,0.0,0.9989680082559339,91,34,57
5,fractal dimension error,20,2,0.0,0.9989680082559339,91,34,57
5,fractal dimension error,20,3,0.0005159958720328817,0.9989680082559339,91,34,57
5,fractal dimension error,20,4,-0.0010319917440660964,0.9989680082559339,91,34,57
5,fractal dimension error,20,5,0.0010319917440659854,0.9989680082559339,91,34,57
5,fractal dimension error,20,6,0.0,0.9989680082559339,91,34,57
5,fractal dimension error,20,7,0.0010319917440659854,0.9989680082559339,91,34,57
5,fractal dimension error,20,8,0.001547987616099089,0.9989680082559339,91,34,57
5,fractal dimension error,20,9,0.001547987616099089,0.9989680082559339,91,34,57
5,fractal dimension error,20,10,0.0010319917440659854,0.9989680082559339,91,34,57
5,worst radius,21,1,-0.0010319917440660964,0.9989680082559339,91,34,57
5,worst radius,21,2,-0.0005159958720329927,0.9989680082559339,91,34,57
5,worst radius,21,3,-0.0010319917440660964,0.9989680082559339,91,34,57
5,worst radius,21,4,0.0025799793601650745,0.9989680082559339,91,34,57
5,worst radius,21,5,-0.0010319917440660964,0.9989680082559339,91,34,57
5,worst radius,21,6,0.0010319917440659854,0.9989680082559339,91,34,57
5,worst radius,21,7,0.003611971104231171,0.9989680082559339,91,34,57
5,worst radius,21,8,-0.0010319917440660964,0.9989680082559339,91,34,57
5,worst radius,21,9,0.0020639834881320818,0.9989680082559339,91,34,57
5,worst radius,21,10,0.0025799793601649634,0.9989680082559339,91,34,57
5,worst texture,22,1,0.0020639834881320818,0.9989680082559339,91,34,57
5,worst texture,22,2,-0.0010319917440660964,0.9989680082559339,91,34,57
5,worst texture,22,3,0.0010319917440660964,0.9989680082559339,91,34,57
5,worst texture,22,4,0.0,0.9989680082559339,91,34,57
5,worst texture,22,5,0.0025799793601649634,0.9989680082559339,91,34,57
5,worst texture,22,6,-0.0005159958720329927,0.9989680082559339,91,34,57
5,worst texture,22,7,0.006191950464396245,0.9989680082559339,91,34,57
5,worst texture,22,8,0.0005159958720328817,0.9989680082559339,91,34,57
5,worst texture,22,9,0.0020639834881320818,0.9989680082559339,91,34,57
5,worst texture,22,10,0.009287925696594312,0.9989680082559339,91,34,57
5,worst perimeter,23,1,-0.0010319917440660964,0.9989680082559339,91,34,57
5,worst perimeter,23,2,-0.0005159958720329927,0.9989680082559339,91,34,57
5,worst perimeter,23,3,-0.0010319917440660964,0.9989680082559339,91,34,57
5,worst perimeter,23,4,0.001547987616099089,0.9989680082559339,91,34,57
5,worst perimeter,23,5,-0.0010319917440660964,0.9989680082559339,91,34,57
5,worst perimeter,23,6,0.0005159958720328817,0.9989680082559339,91,34,57
5,worst perimeter,23,7,0.0025799793601649634,0.9989680082559339,91,34,57
5,worst perimeter,23,8,-0.0010319917440660964,0.9989680082559339,91,34,57
5,worst perimeter,23,9,0.0020639834881320818,0.9989680082559339,91,34,57
5,worst perimeter,23,10,0.0020639834881320818,0.9989680082559339,91,34,57
5,worst area,24,1,-0.0010319917440660964,0.9989680082559339,91,34,57
5,worst area,24,2,-0.0005159958720329927,0.9989680082559339,91,34,57
5,worst area,24,3,-0.0010319917440660964,0.9989680082559339,91,34,57
5,worst area,24,4,0.0020639834881320818,0.9989680082559339,91,34,57
5,worst area,24,5,-0.0010319917440660964,0.9989680082559339,91,34,57
5,worst area,24,6,0.0005159958720328817,0.9989680082559339,91,34,57
5,worst area,24,7,0.0020639834881320818,0.9989680082559339,91,34,57
5,worst area,24,8,-0.0010319917440660964,0.9989680082559339,91,34,57
5,worst area,24,9,0.0020639834881320818,0.9989680082559339,91,34,57
5,worst area,24,10,0.001547987616099089,0.9989680082559339,91,34,57
5,worst smoothness,25,1,-0.0010319917440660964,0.9989680082559339,91,34,57
5,worst smoothness,25,2,-0.0005159958720329927,0.9989680082559339,91,34,57
5,worst smoothness,25,3,-0.0010319917440660964,0.9989680082559339,91,34,57
5,worst smoothness,25,4,0.0005159958720328817,0.9989680082559339,91,34,57
5,worst smoothness,25,5,-0.0010319917440660964,0.9989680082559339,91,34,57
5,worst smoothness,25,6,0.0005159958720328817,0.9989680082559339,91,34,57
5,worst smoothness,25,7,-0.0010319917440660964,0.9989680082559339,91,34,57
5,worst smoothness,25,8,-0.0010319917440660964,0.9989680082559339,91,34,57
5,worst smoothness,25,9,-0.0005159958720329927,0.9989680082559339,91,34,57
5,worst smoothness,25,10,-0.0005159958720329927,0.9989680082559339,91,34,57
5,worst compactness,26,1,0.0,0.9989680082559339,91,34,57
5,worst compactness,26,2,-0.0005159958720329927,0.9989680082559339,91,34,57
5,worst compactness,26,3,-0.0005159958720329927,0.9989680082559339,91,34,57
5,worst compactness,26,4,0.0,0.9989680082559339,91,34,57
5,worst compactness,26,5,-0.0005159958720329927,0.9989680082559339,91,34,57
5,worst compactness,26,6,0.0,0.9989680082559339,91,34,57
5,worst compactness,26,7,-0.0005159958720329927,0.9989680082559339,91,34,57
5,worst compactness,26,8,0.0,0.9989680082559339,91,34,57
5,worst compactness,26,9,0.0,0.9989680082559339,91,34,57
5,worst compactness,26,10,0.0005159958720328817,0.9989680082559339,91,34,57
5,worst concavity,27,1,-0.0005159958720329927,0.9989680082559339,91,34,57
5,worst concavity,27,2,-0.0005159958720329927,0.9989680082559339,91,34,57
5,worst concavity,27,3,-0.0005159958720329927,0.9989680082559339,91,34,57
5,worst concavity,27,4,0.0005159958720328817,0.9989680082559339,91,34,57
5,worst concavity,27,5,-0.0005159958720329927,0.9989680082559339,91,34,57
5,worst concavity,27,6,-0.0005159958720329927,0.9989680082559339,91,34,57
5,worst concavity,27,7,0.0010319917440659854,0.9989680082559339,91,34,57
5,worst concavity,27,8,-0.0010319917440660964,0.9989680082559339,91,34,57
5,worst concavity,27,9,0.0,0.9989680082559339,91,34,57
5,worst concavity,27,10,0.0005159958720328817,0.9989680082559339,91,34,57
5,worst concave points,28,1,-0.0010319917440660964,0.9989680082559339,91,34,57
5,worst concave points,28,2,-0.0010319917440660964,0.9989680082559339,91,34,57
5,worst concave points,28,3,-0.0010319917440660964,0.9989680082559339,91,34,57
5,worst concave points,28,4,0.0020639834881320818,0.9989680082559339,91,34,57
5,worst concave points,28,5,-0.0010319917440660964,0.9989680082559339,91,34,57
5,worst concave points,28,6,0.0010319917440659854,0.9989680082559339,91,34,57
5,worst concave points,28,7,0.001547987616099089,0.9989680082559339,91,34,57
5,worst concave points,28,8,-0.0010319917440660964,0.9989680082559339,91,34,57
5,worst concave points,28,9,0.0,0.9989680082559339,91,34,57
5,worst concave points,28,10,0.0005159958720328817,0.9989680082559339,91,34,57
5,worst symmetry,29,1,0.003611971104231171,0.9989680082559339,91,34,57
5,worst symmetry,29,2,0.0010319917440659854,0.9989680082559339,91,34,57
5,worst symmetry,29,3,0.0005159958720329927,0.9989680082559339,91,34,57
5,worst symmetry,29,4,0.0025799793601649634,0.9989680082559339,91,34,57
5,worst symmetry,29,5,-0.0010319917440660964,0.9989680082559339,91,34,57
5,worst symmetry,29,6,0.0041279669762641635,0.9989680082559339,91,34,57
5,worst symmetry,29,7,-0.0005159958720329927,0.9989680082559339,91,34,57
5,worst symmetry,29,8,-0.0010319917440660964,0.9989680082559339,91,34,57
5,worst symmetry,29,9,0.003095975232198067,0.9989680082559339,91,34,57
5,worst symmetry,29,10,-0.0005159958720329927,0.9989680082559339,91,34,57
5,worst fractal dimension,30,1,0.0005159958720328817,0.9989680082559339,91,34,57
5,worst fractal dimension,30,2,-0.0005159958720329927,0.9989680082559339,91,34,57
5,worst fractal dimension,30,3,-0.0010319917440660964,0.9989680082559339,91,34,57
5,worst fractal dimension,30,4,0.0010319917440659854,0.9989680082559339,91,34,57
5,worst fractal dimension,30,5,0.0,0.9989680082559339,91,34,57
5,worst fractal dimension,30,6,-0.0005159958720329927,0.9989680082559339,91,34,57
5,worst fractal dimension,30,7,-0.0005159958720329927,0.9989680082559339,91,34,57
5,worst fractal dimension,30,8,-0.0005159958720329927,0.9989680082559339,91,34,57
5,worst fractal dimension,30,9,-0.0005159958720329927,0.9989680082559339,91,34,57
5,worst fractal dimension,30,10,-0.0005159958720329927,0.9989680082559339,91,34,57
